{"products":[
            {
            "id": 7626355,
            "name": "ASOS PLUS Swim Shorts In Navy Mid Length",
            "price": {
                "current": {
                    "value": 12.00,
                    "text": "£12.00"
                },
                "previous": {
                    "value": null,
                    "text": ""
                },
                "rrp": {
                    "value": null,
                    "text": ""
                },
                "isMarkedDown": false,
                "isOutletPrice": false
            },
            "images": [
                {
                    "url": "https://images.asos-media.com/products/asos-plus-swim-shorts-in-navy-mid-length/7626355-1-navy?$XL$",
                    "size": "xl"
                },
                {
                    "url": "https://images.asos-media.com/products/asos-plus-swim-shorts-in-navy-mid-length/7626355-1-navy?$L$",
                    "size": "l"
                }
            ],
            "brandName": "ASOS",
            "colour": "Navy",
            "hasVariantColours": false,
            "groupId": null,
            "productCode": 1001378,
            "hasVariantPrices": false,
            "productType": "Product",
            "variantItemCount": null,
            "url": "asos-asos-plus-swim-shorts-in-navy-mid-length/prod/pgeproduct.aspx?iid=7626355&clr=navy"
        },
        {
            "id": 7626372,
            "name": "ASOS PLUS Runner Swim Shorts In Black With Triple Binding",
            "price": {
                "current": {
                    "value": 16.00,
                    "text": "£16.00"
                },
                "previous": {
                    "value": null,
                    "text": ""
                },
                "rrp": {
                    "value": null,
                    "text": ""
                },
                "isMarkedDown": false,
                "isOutletPrice": false
            },
            "images": [
                {
                    "url": "https://images.asos-media.com/products/asos-plus-runner-swim-shorts-in-black-with-triple-binding/7626372-1-black?$XL$",
                    "size": "xl"
                },
                {
                    "url": "https://images.asos-media.com/products/asos-plus-runner-swim-shorts-in-black-with-triple-binding/7626372-1-black?$L$",
                    "size": "l"
                }
            ],
            "brandName": "ASOS",
            "colour": "Black",
            "hasVariantColours": false,
            "groupId": null,
            "productCode": 1001457,
            "hasVariantPrices": false,
            "productType": "Product",
            "variantItemCount": null,
            "url": "asos-asos-plus-runner-swim-shorts-in-black-with-triple-binding/prod/pgeproduct.aspx?iid=7626372&clr=black"
        },
        {
            "id": 7626374,
            "name": "ASOS PLUS Swim Shorts 2 Pack In Pink And Floral Print In Short Length SAVE",
            "price": {
                "current": {
                    "value": 26.50,
                    "text": "£26.50"
                },
                "previous": {
                    "value": null,
                    "text": ""
                },
                "rrp": {
                    "value": null,
                    "text": ""
                },
                "isMarkedDown": false,
                "isOutletPrice": false
            },
            "images": [
                {
                    "url": "https://images.asos-media.com/products/asos-plus-swim-shorts-2-pack-in-pink-and-floral-print-in-short-length-save/7626374-1-floralpink?$XL$",
                    "size": "xl"
                },
                {
                    "url": "https://images.asos-media.com/products/asos-plus-swim-shorts-2-pack-in-pink-and-floral-print-in-short-length-save/7626374-1-floralpink?$L$",
                    "size": "l"
                }
            ],
            "brandName": "ASOS",
            "colour": "Floral/pink",
            "hasVariantColours": false,
            "groupId": null,
            "productCode": 1001499,
            "hasVariantPrices": false,
            "productType": "Product",
            "variantItemCount": null,
            "url": "asos-asos-plus-swim-shorts-2-pack-in-pink-and-floral-print-in-short-length-save/prod/pgeproduct.aspx?iid=7626374&clr=floralpink"
        },
        {
            "id": 7645809,
            "name": "ASOS TALL Longline Muscle Fit T-Shirt With Crew Neck in Navy",
            "price": {
                "current": {
                    "value": 8.00,
                    "text": "£8.00"
                },
                "previous": {
                    "value": null,
                    "text": ""
                },
                "rrp": {
                    "value": null,
                    "text": ""
                },
                "isMarkedDown": false,
                "isOutletPrice": false
            },
            "images": [
                {
                    "url": "https://images.asos-media.com/products/asos-tall-longline-muscle-fit-t-shirt-with-crew-neck-in-navy/7645809-1-navy?$XL$",
                    "size": "xl"
                },
                {
                    "url": "https://images.asos-media.com/products/asos-tall-longline-muscle-fit-t-shirt-with-crew-neck-in-navy/7645809-1-navy?$L$",
                    "size": "l"
                }
            ],
            "brandName": "ASOS",
            "colour": "Navy",
            "hasVariantColours": false,
            "groupId": null,
            "productCode": 1005308,
            "hasVariantPrices": false,
            "productType": "Product",
            "variantItemCount": null,
            "url": "asos-asos-tall-longline-muscle-fit-t-shirt-with-crew-neck-in-navy/prod/pgeproduct.aspx?iid=7645809&clr=navy"
        },
        {
            "id": 7677884,
            "name": "ASOS Relaxed Skater Super Longline Double Layer T-Shirt",
            "price": {
                "current": {
                    "value": 14.00,
                    "text": "£14.00"
                },
                "previous": {
                    "value": null,
                    "text": ""
                },
                "rrp": {
                    "value": null,
                    "text": ""
                },
                "isMarkedDown": false,
                "isOutletPrice": false
            },
            "images": [
                {
                    "url": "https://images.asos-media.com/products/asos-relaxed-skater-super-longline-double-layer-t-shirt/7677884-1-palelilac?$XL$",
                    "size": "xl"
                },
                {
                    "url": "https://images.asos-media.com/products/asos-relaxed-skater-super-longline-double-layer-t-shirt/7677884-1-palelilac?$L$",
                    "size": "l"
                }
            ],
            "brandName": "ASOS",
            "colour": "Pale lilac",
            "hasVariantColours": false,
            "groupId": null,
            "productCode": 1010042,
            "hasVariantPrices": false,
            "productType": "Product",
            "variantItemCount": null,
            "url": "asos-asos-relaxed-skater-super-longline-double-layer-t-shirt/prod/pgeproduct.aspx?iid=7677884&clr=palelilac"
        },
        {
            "id": 7699263,
            "name": "ASOS Tapered Suit Trousers In Navy Leaf Print Linen",
            "price": {
                "current": {
                    "value": 40.00,
                    "text": "£40.00"
                },
                "previous": {
                    "value": null,
                    "text": ""
                },
                "rrp": {
                    "value": null,
                    "text": ""
                },
                "isMarkedDown": false,
                "isOutletPrice": false
            },
            "images": [
                {
                    "url": "https://images.asos-media.com/products/asos-tapered-suit-trousers-in-navy-leaf-print-linen/7699263-1-charcoal?$XL$",
                    "size": "xl"
                },
                {
                    "url": "https://images.asos-media.com/products/asos-tapered-suit-trousers-in-navy-leaf-print-linen/7699263-1-charcoal?$L$",
                    "size": "l"
                }
            ],
            "brandName": "ASOS",
            "colour": "Charcoal",
            "hasVariantColours": false,
            "groupId": 15248,
            "productCode": 1013130,
            "hasVariantPrices": false,
            "productType": "MixMatchProduct",
            "variantItemCount": null,
            "url": "asos-asos-tapered-suit-trousers-in-navy-leaf-print-linen/prod/pgeproduct.aspx?iid=7699263&clr=charcoal"
        }
]}