{"searchTerm":"","categoryName":"Activewear","itemCount":497,"redirectUrl":"","products":[{"id":7984336,"name":"Nike Running Breathe Long Sleeve T-Shirt In Black 860762-010","price":{"current":{"value":23.00,"text":"£23.00"},"previous":{"value":null,"text":""},"rrp":{"value":null,"text":""},"isMarkedDown":false,"isOutletPrice":false},"images":[{"url":"https://images.asos-media.com/products/nike-running-breathe-long-sleeve-t-shirt-in-black-860762-010/7984336-1-black?$XL$","size":"xl"},{"url":"https://images.asos-media.com/products/nike-running-breathe-long-sleeve-t-shirt-in-black-860762-010/7984336-1-black?$L$","size":"l"}],"brandName":"Nike Running","colour":"Black","hasVariantColours":false,"groupId":null,"productCode":1054495,"hasVariantPrices":false,"productType":"Product","variantItemCount":null,"url":"nike-running-nike-running-breathe-long-sleeve-t-shirt-in-black-860762-010/prod/pgeproduct.aspx?iid=7984336&clr=black"},{"id":7731932,"name":"Nike Training Compression Long Sleeve Top In Black 703088-010","price":{"current":{"value":30.00,"text":"£30.00"},"previous":{"value":null,"text":""},"rrp":{"value":null,"text":""},"isMarkedDown":false,"isOutletPrice":false},"images":[{"url":"https://images.asos-media.com/products/nike-training-compression-long-sleeve-top-in-black-703088-010/7731932-1-black?$XL$","size":"xl"},{"url":"https://images.asos-media.com/products/nike-training-compression-long-sleeve-top-in-black-703088-010/7731932-1-black?$L$","size":"l"}],"brandName":"Nike Training","colour":"Black","hasVariantColours":false,"groupId":null,"productCode":1018181,"hasVariantPrices":false,"productType":"Product","variantItemCount":null,"url":"nike-training-nike-training-compression-long-sleeve-top-in-black-703088-010/prod/pgeproduct.aspx?iid=7731932&clr=black"},{"id":7981478,"name":"Saucony Running Cityside Joggers In Grey SA81297-DGH","price":{"current":{"value":60.00,"text":"£60.00"},"previous":{"value":null,"text":""},"rrp":{"value":null,"text":""},"isMarkedDown":false,"isOutletPrice":false},"images":[{"url":"https://images.asos-media.com/products/saucony-running-cityside-joggers-in-grey-sa81297-dgh/7981478-1-grey?$XL$","size":"xl"},{"url":"https://images.asos-media.com/products/saucony-running-cityside-joggers-in-grey-sa81297-dgh/7981478-1-grey?$L$","size":"l"}],"brandName":"Saucony","colour":"Grey","hasVariantColours":false,"groupId":null,"productCode":1053412,"hasVariantPrices":false,"productType":"Product","variantItemCount":null,"url":"saucony-saucony-running-cityside-joggers-in-grey-sa81297-dgh/prod/pgeproduct.aspx?iid=7981478&clr=grey"},{"id":7981480,"name":"Saucony Running Cityside Joggers In Black SA81297-BK","price":{"current":{"value":60.00,"text":"£60.00"},"previous":{"value":null,"text":""},"rrp":{"value":null,"text":""},"isMarkedDown":false,"isOutletPrice":false},"images":[{"url":"https://images.asos-media.com/products/saucony-running-cityside-joggers-in-black-sa81297-bk/7981480-1-black?$XL$","size":"xl"},{"url":"https://images.asos-media.com/products/saucony-running-cityside-joggers-in-black-sa81297-bk/7981480-1-black?$L$","size":"l"}],"brandName":"Saucony","colour":"Black","hasVariantColours":false,"groupId":null,"productCode":1053411,"hasVariantPrices":false,"productType":"Product","variantItemCount":null,"url":"saucony-saucony-running-cityside-joggers-in-black-sa81297-bk/prod/pgeproduct.aspx?iid=7981480&clr=black"},{"id":7273595,"name":"Nike Water Bottle In Black","price":{"current":{"value":5.00,"text":"£5.00"},"previous":{"value":null,"text":""},"rrp":{"value":null,"text":""},"isMarkedDown":false,"isOutletPrice":false},"images":[{"url":"https://images.asos-media.com/products/nike-water-bottle-in-black/7273595-1-black?$XL$","size":"xl"},{"url":"https://images.asos-media.com/products/nike-water-bottle-in-black/7273595-1-black?$L$","size":"l"}],"brandName":"Nike Training","colour":"Black","hasVariantColours":false,"groupId":null,"productCode":944546,"hasVariantPrices":false,"productType":"Product","variantItemCount":null,"url":"nike-training-nike-water-bottle-in-black/prod/pgeproduct.aspx?iid=7273595&clr=black"},{"id":7841462,"name":"Nike Running Water Bottle with Swoosh Logo In Teal OB.A3393","price":{"current":{"value":13.00,"text":"£13.00"},"previous":{"value":null,"text":""},"rrp":{"value":null,"text":""},"isMarkedDown":false,"isOutletPrice":false},"images":[{"url":"https://images.asos-media.com/products/nike-running-water-bottle-with-swoosh-logo-in-teal-oba3393/7841462-1-green?$XL$","size":"xl"},{"url":"https://images.asos-media.com/products/nike-running-water-bottle-with-swoosh-logo-in-teal-oba3393/7841462-1-green?$L$","size":"l"}],"brandName":"Nike Running","colour":"Green","hasVariantColours":false,"groupId":null,"productCode":1034166,"hasVariantPrices":false,"productType":"Product","variantItemCount":null,"url":"nike-running-nike-running-water-bottle-with-swoosh-logo-in-teal-ob-a3393/prod/pgeproduct.aspx?iid=7841462&clr=green"},{"id":7403137,"name":"adidas Tango Track Jacket In Black BQ0390","price":{"current":{"value":48.00,"text":"£48.00"},"previous":{"value":null,"text":""},"rrp":{"value":null,"text":""},"isMarkedDown":false,"isOutletPrice":false},"images":[{"url":"https://images.asos-media.com/products/adidas-tango-track-jacket-in-black-bq0390/7403137-1-black?$XL$","size":"xl"},{"url":"https://images.asos-media.com/products/adidas-tango-track-jacket-in-black-bq0390/7403137-1-black?$L$","size":"l"}],"brandName":"Adidas","colour":"Black","hasVariantColours":false,"groupId":null,"productCode":964529,"hasVariantPrices":false,"productType":"Product","variantItemCount":null,"url":"adidas-adidas-tango-track-jacket-in-black-bq0390/prod/pgeproduct.aspx?iid=7403137&clr=black"},{"id":7866714,"name":"New Look SPORT Jacket With Funnel Neck And Zip In Black","price":{"current":{"value":19.99,"text":"£19.99"},"previous":{"value":null,"text":""},"rrp":{"value":null,"text":""},"isMarkedDown":false,"isOutletPrice":false},"images":[{"url":"https://images.asos-media.com/products/new-look-sport-jacket-with-funnel-neck-and-zip-in-black/7866714-1-black?$XL$","size":"xl"},{"url":"https://images.asos-media.com/products/new-look-sport-jacket-with-funnel-neck-and-zip-in-black/7866714-1-black?$L$","size":"l"}],"brandName":"New Look","colour":"Black","hasVariantColours":false,"groupId":null,"productCode":1037913,"hasVariantPrices":false,"productType":"Product","variantItemCount":null,"url":"new-look-new-look-sport-jacket-with-funnel-neck-and-zip-in-black/prod/pgeproduct.aspx?iid=7866714&clr=black"},{"id":7433044,"name":"Nike Running Miler Breathe T-Shirt In Yellow 834241-701","price":{"current":{"value":28.00,"text":"£28.00"},"previous":{"value":null,"text":""},"rrp":{"value":null,"text":""},"isMarkedDown":false,"isOutletPrice":false},"images":[{"url":"https://images.asos-media.com/products/nike-running-miler-breathe-t-shirt-in-yellow-834241-701/7433044-1-yellow?$XL$","size":"xl"},{"url":"https://images.asos-media.com/products/nike-running-miler-breathe-t-shirt-in-yellow-834241-701/7433044-1-yellow?$L$","size":"l"}],"brandName":"Nike Running","colour":"Yellow","hasVariantColours":false,"groupId":null,"productCode":968904,"hasVariantPrices":false,"productType":"Product","variantItemCount":null,"url":"nike-running-nike-running-miler-breathe-t-shirt-in-yellow-834241-701/prod/pgeproduct.aspx?iid=7433044&clr=yellow"},{"id":7981486,"name":"Saucony Running Endurance Gradient T-Shirt In Yellow SA81301-DGHSF","price":{"current":{"value":50.00,"text":"£50.00"},"previous":{"value":null,"text":""},"rrp":{"value":null,"text":""},"isMarkedDown":false,"isOutletPrice":false},"images":[{"url":"https://images.asos-media.com/products/saucony-running-endurance-gradient-t-shirt-in-yellow-sa81301-dghsf/7981486-1-yellow?$XL$","size":"xl"},{"url":"https://images.asos-media.com/products/saucony-running-endurance-gradient-t-shirt-in-yellow-sa81301-dghsf/7981486-1-yellow?$L$","size":"l"}],"brandName":"Saucony","colour":"Yellow","hasVariantColours":false,"groupId":null,"productCode":1053439,"hasVariantPrices":false,"productType":"Product","variantItemCount":null,"url":"saucony-saucony-running-endurance-gradient-t-shirt-in-yellow-sa81301-dghsf/prod/pgeproduct.aspx?iid=7981486&clr=yellow"},{"id":8005854,"name":"Nike Running Flyknit Racer Trainers In Black 526628-011","price":{"current":{"value":130.00,"text":"£130.00"},"previous":{"value":null,"text":""},"rrp":{"value":null,"text":""},"isMarkedDown":false,"isOutletPrice":false},"images":[{"url":"https://images.asos-media.com/products/nike-running-flyknit-racer-trainers-in-black-526628-011/8005854-1-black?$XL$","size":"xl"},{"url":"https://images.asos-media.com/products/nike-running-flyknit-racer-trainers-in-black-526628-011/8005854-1-black?$L$","size":"l"}],"brandName":"Nike Running","colour":"Black","hasVariantColours":false,"groupId":null,"productCode":1057526,"hasVariantPrices":false,"productType":"Product","variantItemCount":null,"url":"nike-running-nike-running-flyknit-racer-trainers-in-black-526628-011/prod/pgeproduct.aspx?iid=8005854&clr=black"},{"id":7433463,"name":"Nike Running Air Max 2017 Trainers In Black 849559-004","price":{"current":{"value":140.00,"text":"£140.00"},"previous":{"value":null,"text":""},"rrp":{"value":null,"text":""},"isMarkedDown":false,"isOutletPrice":false},"images":[{"url":"https://images.asos-media.com/products/nike-running-air-max-2017-trainers-in-black-849559-004/7433463-1-black?$XL$","size":"xl"},{"url":"https://images.asos-media.com/products/nike-running-air-max-2017-trainers-in-black-849559-004/7433463-1-black?$L$","size":"l"}],"brandName":"Nike Running","colour":"Black","hasVariantColours":false,"groupId":null,"productCode":968973,"hasVariantPrices":false,"productType":"Product","variantItemCount":null,"url":"nike-running-nike-running-air-max-2017-trainers-in-black-849559-004/prod/pgeproduct.aspx?iid=7433463&clr=black"},{"id":7403140,"name":"adidas Tango Skinny Joggers In Black AZ9709","price":{"current":{"value":45.00,"text":"£45.00"},"previous":{"value":null,"text":""},"rrp":{"value":null,"text":""},"isMarkedDown":false,"isOutletPrice":false},"images":[{"url":"https://images.asos-media.com/products/adidas-tango-skinny-joggers-in-black-az9709/7403140-1-black?$XL$","size":"xl"},{"url":"https://images.asos-media.com/products/adidas-tango-skinny-joggers-in-black-az9709/7403140-1-black?$L$","size":"l"}],"brandName":"Adidas","colour":"Black","hasVariantColours":false,"groupId":null,"productCode":964527,"hasVariantPrices":false,"productType":"Product","variantItemCount":null,"url":"adidas-adidas-tango-skinny-joggers-in-black-az9709/prod/pgeproduct.aspx?iid=7403140&clr=black"},{"id":7731921,"name":"Nike Training Compression Tight In Black 703098-010","price":{"current":{"value":30.00,"text":"£30.00"},"previous":{"value":null,"text":""},"rrp":{"value":null,"text":""},"isMarkedDown":false,"isOutletPrice":false},"images":[{"url":"https://images.asos-media.com/products/nike-training-compression-tight-in-black-703098-010/7731921-1-black?$XL$","size":"xl"},{"url":"https://images.asos-media.com/products/nike-training-compression-tight-in-black-703098-010/7731921-1-black?$L$","size":"l"}],"brandName":"Nike Training","colour":"Black","hasVariantColours":false,"groupId":null,"productCode":1018186,"hasVariantPrices":false,"productType":"Product","variantItemCount":null,"url":"nike-training-nike-training-compression-tight-in-black-703098-010/prod/pgeproduct.aspx?iid=7731921&clr=black"},{"id":7981479,"name":"Saucony Running Cityside Shorts In Grey SA81309-DGH","price":{"current":{"value":50.00,"text":"£50.00"},"previous":{"value":null,"text":""},"rrp":{"value":null,"text":""},"isMarkedDown":false,"isOutletPrice":false},"images":[{"url":"https://images.asos-media.com/products/saucony-running-cityside-shorts-in-grey-sa81309-dgh/7981479-1-grey?$XL$","size":"xl"},{"url":"https://images.asos-media.com/products/saucony-running-cityside-shorts-in-grey-sa81309-dgh/7981479-1-grey?$L$","size":"l"}],"brandName":"Saucony","colour":"Grey","hasVariantColours":false,"groupId":null,"productCode":1053429,"hasVariantPrices":false,"productType":"Product","variantItemCount":null,"url":"saucony-saucony-running-cityside-shorts-in-grey-sa81309-dgh/prod/pgeproduct.aspx?iid=7981479&clr=grey"},{"id":7981484,"name":"Saucony Running Cityside Shorts In Black SA81309-BK","price":{"current":{"value":50.00,"text":"£50.00"},"previous":{"value":null,"text":""},"rrp":{"value":null,"text":""},"isMarkedDown":false,"isOutletPrice":false},"images":[{"url":"https://images.asos-media.com/products/saucony-running-cityside-shorts-in-black-sa81309-bk/7981484-1-black?$XL$","size":"xl"},{"url":"https://images.asos-media.com/products/saucony-running-cityside-shorts-in-black-sa81309-bk/7981484-1-black?$L$","size":"l"}],"brandName":"Saucony","colour":"Black","hasVariantColours":false,"groupId":null,"productCode":1053428,"hasVariantPrices":false,"productType":"Product","variantItemCount":null,"url":"saucony-saucony-running-cityside-shorts-in-black-sa81309-bk/prod/pgeproduct.aspx?iid=7981484&clr=black"},{"id":7905117,"name":"adidas Pure Boost Trainers in Burgundy BA8895","price":{"current":{"value":95.00,"text":"£95.00"},"previous":{"value":null,"text":""},"rrp":{"value":null,"text":""},"isMarkedDown":false,"isOutletPrice":false},"images":[{"url":"https://images.asos-media.com/products/adidas-pure-boost-trainers-in-burgundy-ba8895/7905117-1-red?$XL$","size":"xl"},{"url":"https://images.asos-media.com/products/adidas-pure-boost-trainers-in-burgundy-ba8895/7905117-1-red?$L$","size":"l"}],"brandName":"Adidas","colour":"Red","hasVariantColours":false,"groupId":null,"productCode":1043166,"hasVariantPrices":false,"productType":"Product","variantItemCount":null,"url":"adidas-adidas-pure-boost-trainers-in-burgundy-ba8895/prod/pgeproduct.aspx?iid=7905117&clr=red"},{"id":7433211,"name":"Nike Running Free Run 2 Trainers In White 880839-100","price":{"current":{"value":90.00,"text":"£90.00"},"previous":{"value":null,"text":""},"rrp":{"value":null,"text":""},"isMarkedDown":false,"isOutletPrice":false},"images":[{"url":"https://images.asos-media.com/products/nike-running-free-run-2-trainers-in-white-880839-100/7433211-1-white?$XL$","size":"xl"},{"url":"https://images.asos-media.com/products/nike-running-free-run-2-trainers-in-white-880839-100/7433211-1-white?$L$","size":"l"}],"brandName":"Nike Running","colour":"White","hasVariantColours":false,"groupId":null,"productCode":968937,"hasVariantPrices":false,"productType":"Product","variantItemCount":null,"url":"nike-running-nike-running-free-run-2-trainers-in-white-880839-100/prod/pgeproduct.aspx?iid=7433211&clr=white"},{"id":7423988,"name":"Nike Training Hypercool T-Shirt In Camo Print 828180-037","price":{"current":{"value":35.00,"text":"£35.00"},"previous":{"value":null,"text":""},"rrp":{"value":null,"text":""},"isMarkedDown":false,"isOutletPrice":false},"images":[{"url":"https://images.asos-media.com/products/nike-training-hypercool-t-shirt-in-camo-print-828180-037/7423988-1-grey?$XL$","size":"xl"},{"url":"https://images.asos-media.com/products/nike-training-hypercool-t-shirt-in-camo-print-828180-037/7423988-1-grey?$L$","size":"l"}],"brandName":"Nike Training","colour":"Grey","hasVariantColours":false,"groupId":null,"productCode":967616,"hasVariantPrices":false,"productType":"Product","variantItemCount":null,"url":"nike-training-nike-training-hypercool-t-shirt-in-camo-print-828180-037/prod/pgeproduct.aspx?iid=7423988&clr=grey"},{"id":7432922,"name":"Nike Running Breathe Rapid T-Shirt In Blue 852169-411","price":{"current":{"value":25.00,"text":"£25.00"},"previous":{"value":null,"text":""},"rrp":{"value":null,"text":""},"isMarkedDown":false,"isOutletPrice":false},"images":[{"url":"https://images.asos-media.com/products/nike-running-breathe-rapid-t-shirt-in-blue-852169-411/7432922-1-blue?$XL$","size":"xl"},{"url":"https://images.asos-media.com/products/nike-running-breathe-rapid-t-shirt-in-blue-852169-411/7432922-1-blue?$L$","size":"l"}],"brandName":"Nike Running","colour":"Blue","hasVariantColours":false,"groupId":null,"productCode":968881,"hasVariantPrices":false,"productType":"Product","variantItemCount":null,"url":"nike-running-nike-running-breathe-rapid-t-shirt-in-blue-852169-411/prod/pgeproduct.aspx?iid=7432922&clr=blue"},{"id":7737073,"name":"River Island ACTIVE Hoodie With Zip Pockets In Grey","price":{"current":{"value":35.00,"text":"£35.00"},"previous":{"value":null,"text":""},"rrp":{"value":null,"text":""},"isMarkedDown":false,"isOutletPrice":false},"images":[{"url":"https://images.asos-media.com/products/river-island-active-hoodie-with-zip-pockets-in-grey/7737073-1-greymarl?$XL$","size":"xl"},{"url":"https://images.asos-media.com/products/river-island-active-hoodie-with-zip-pockets-in-grey/7737073-1-greymarl?$L$","size":"l"}],"brandName":"River Island","colour":"Grey marl","hasVariantColours":false,"groupId":null,"productCode":1018775,"hasVariantPrices":false,"productType":"Product","variantItemCount":null,"url":"river-island-river-island-active-hoodie-with-zip-pockets-in-grey/prod/pgeproduct.aspx?iid=7737073&clr=greymarl"},{"id":7403152,"name":"adidas Tango Hoodie in Black AZ9734","price":{"current":{"value":60.00,"text":"£60.00"},"previous":{"value":null,"text":""},"rrp":{"value":null,"text":""},"isMarkedDown":false,"isOutletPrice":false},"images":[{"url":"https://images.asos-media.com/products/adidas-tango-hoodie-in-black-az9734/7403152-1-black?$XL$","size":"xl"},{"url":"https://images.asos-media.com/products/adidas-tango-hoodie-in-black-az9734/7403152-1-black?$L$","size":"l"}],"brandName":"Adidas","colour":"Black","hasVariantColours":false,"groupId":null,"productCode":964524,"hasVariantPrices":false,"productType":"Product","variantItemCount":null,"url":"adidas-adidas-tango-hoodie-in-black-az9734/prod/pgeproduct.aspx?iid=7403152&clr=black"},{"id":8096361,"name":"Puma Carson Runner With Camo Mesh In Navy 18917315","price":{"current":{"value":55.00,"text":"£55.00"},"previous":{"value":null,"text":""},"rrp":{"value":null,"text":""},"isMarkedDown":false,"isOutletPrice":false},"images":[{"url":"https://images.asos-media.com/products/puma-carson-runner-with-camo-mesh-in-navy-18917315/8096361-1-navy?$XL$","size":"xl"},{"url":"https://images.asos-media.com/products/puma-carson-runner-with-camo-mesh-in-navy-18917315/8096361-1-navy?$L$","size":"l"}],"brandName":"Puma","colour":"Navy","hasVariantColours":false,"groupId":null,"productCode":1071094,"hasVariantPrices":false,"productType":"Product","variantItemCount":null,"url":"puma-puma-carson-runner-with-camo-mesh-in-navy-18917315/prod/pgeproduct.aspx?iid=8096361&clr=navy"},{"id":7607186,"name":"Puma Running Ignite Evoknit Lo Pavement In Beige 18992602","price":{"current":{"value":90.00,"text":"£90.00"},"previous":{"value":null,"text":""},"rrp":{"value":null,"text":""},"isMarkedDown":false,"isOutletPrice":false},"images":[{"url":"https://images.asos-media.com/products/puma-running-ignite-evoknit-lo-pavement-in-beige-18992602/7607186-1-beige?$XL$","size":"xl"},{"url":"https://images.asos-media.com/products/puma-running-ignite-evoknit-lo-pavement-in-beige-18992602/7607186-1-beige?$L$","size":"l"}],"brandName":"Puma","colour":"Beige","hasVariantColours":false,"groupId":null,"productCode":998355,"hasVariantPrices":false,"productType":"Product","variantItemCount":null,"url":"puma-puma-running-ignite-evoknit-lo-pavement-in-beige-18992602/prod/pgeproduct.aspx?iid=7607186&clr=beige"},{"id":7818320,"name":"Nike Running Free Run Flyknit Trainers In Black 831069-001","price":{"current":{"value":105.00,"text":"£105.00"},"previous":{"value":null,"text":""},"rrp":{"value":null,"text":""},"isMarkedDown":false,"isOutletPrice":false},"images":[{"url":"https://images.asos-media.com/products/nike-running-free-run-flyknit-trainers-in-black-831069-001/7818320-1-black?$XL$","size":"xl"},{"url":"https://images.asos-media.com/products/nike-running-free-run-flyknit-trainers-in-black-831069-001/7818320-1-black?$L$","size":"l"}],"brandName":"Nike Running","colour":"Black","hasVariantColours":false,"groupId":null,"productCode":1030784,"hasVariantPrices":false,"productType":"Product","variantItemCount":null,"url":"nike-running-nike-running-free-run-flyknit-trainers-in-black-831069-001/prod/pgeproduct.aspx?iid=7818320&clr=black"},{"id":7905624,"name":"Reebok Running Print Smooth Trainers In Black BD4532","price":{"current":{"value":60.00,"text":"£60.00"},"previous":{"value":null,"text":""},"rrp":{"value":null,"text":""},"isMarkedDown":false,"isOutletPrice":false},"images":[{"url":"https://images.asos-media.com/products/reebok-running-print-smooth-trainers-in-black-bd4532/7905624-1-black?$XL$","size":"xl"},{"url":"https://images.asos-media.com/products/reebok-running-print-smooth-trainers-in-black-bd4532/7905624-1-black?$L$","size":"l"}],"brandName":"Reebok","colour":"Black","hasVariantColours":false,"groupId":null,"productCode":1043276,"hasVariantPrices":false,"productType":"Product","variantItemCount":null,"url":"reebok-reebok-running-print-smooth-trainers-in-black-bd4532/prod/pgeproduct.aspx?iid=7905624&clr=black"},{"id":7387058,"name":"Nike Running Performance Free Run Trainers In White 831508-100","price":{"current":{"value":90.00,"text":"£90.00"},"previous":{"value":null,"text":""},"rrp":{"value":null,"text":""},"isMarkedDown":false,"isOutletPrice":false},"images":[{"url":"https://images.asos-media.com/products/nike-running-performance-free-run-trainers-in-white-831508-100/7387058-1-white?$XL$","size":"xl"},{"url":"https://images.asos-media.com/products/nike-running-performance-free-run-trainers-in-white-831508-100/7387058-1-white?$L$","size":"l"}],"brandName":"Nike Running","colour":"White","hasVariantColours":false,"groupId":null,"productCode":961933,"hasVariantPrices":false,"productType":"Product","variantItemCount":null,"url":"nike-running-nike-running-performance-free-run-trainers-in-white-831508-100/prod/pgeproduct.aspx?iid=7387058&clr=white"},{"id":7733100,"name":"Skechers Go Run Generate Trainers","price":{"current":{"value":54.00,"text":"£54.00"},"previous":{"value":null,"text":""},"rrp":{"value":null,"text":""},"isMarkedDown":false,"isOutletPrice":false},"images":[{"url":"https://images.asos-media.com/products/skechers-go-run-generate-trainers/7733100-1-black?$XL$","size":"xl"},{"url":"https://images.asos-media.com/products/skechers-go-run-generate-trainers/7733100-1-black?$L$","size":"l"}],"brandName":"Skechers","colour":"Black","hasVariantColours":false,"groupId":null,"productCode":1018388,"hasVariantPrices":false,"productType":"Product","variantItemCount":null,"url":"skechers-skechers-go-run-generate-trainers/prod/pgeproduct.aspx?iid=7733100&clr=black"},{"id":7984348,"name":"Nike Running Breathe T-Shirt In Green 833608-331","price":{"current":{"value":20.00,"text":"£20.00"},"previous":{"value":null,"text":""},"rrp":{"value":null,"text":""},"isMarkedDown":false,"isOutletPrice":false},"images":[{"url":"https://images.asos-media.com/products/nike-running-breathe-t-shirt-in-green-833608-331/7984348-1-green?$XL$","size":"xl"},{"url":"https://images.asos-media.com/products/nike-running-breathe-t-shirt-in-green-833608-331/7984348-1-green?$L$","size":"l"}],"brandName":"Nike Running","colour":"Green","hasVariantColours":false,"groupId":null,"productCode":1054492,"hasVariantPrices":false,"productType":"Product","variantItemCount":null,"url":"nike-running-nike-running-breathe-t-shirt-in-green-833608-331/prod/pgeproduct.aspx?iid=7984348&clr=green"},{"id":7415489,"name":"Nike Training Dri-FIT 9 Shorts In Black 742517-010","price":{"current":{"value":23.00,"text":"£23.00"},"previous":{"value":null,"text":""},"rrp":{"value":null,"text":""},"isMarkedDown":false,"isOutletPrice":false},"images":[{"url":"https://images.asos-media.com/products/nike-training-dri-fit-9-shorts-in-black-742517-010/7415489-1-black?$XL$","size":"xl"},{"url":"https://images.asos-media.com/products/nike-training-dri-fit-9-shorts-in-black-742517-010/7415489-1-black?$L$","size":"l"}],"brandName":"Nike Training","colour":"Black","hasVariantColours":false,"groupId":null,"productCode":966382,"hasVariantPrices":false,"productType":"Product","variantItemCount":null,"url":"nike-training-nike-training-dri-fit-9-shorts-in-black-742517-010/prod/pgeproduct.aspx?iid=7415489&clr=black"},{"id":7981482,"name":"Saucony Running Uptown Hoodie In Black SA81295-BK","price":{"current":{"value":92.00,"text":"£92.00"},"previous":{"value":null,"text":""},"rrp":{"value":null,"text":""},"isMarkedDown":false,"isOutletPrice":false},"images":[{"url":"https://images.asos-media.com/products/saucony-running-uptown-hoodie-in-black-sa81295-bk/7981482-1-black?$XL$","size":"xl"},{"url":"https://images.asos-media.com/products/saucony-running-uptown-hoodie-in-black-sa81295-bk/7981482-1-black?$L$","size":"l"}],"brandName":"Saucony","colour":"Black","hasVariantColours":false,"groupId":null,"productCode":1053461,"hasVariantPrices":false,"productType":"Product","variantItemCount":null,"url":"saucony-saucony-running-uptown-hoodie-in-black-sa81295-bk/prod/pgeproduct.aspx?iid=7981482&clr=black"},{"id":7981551,"name":"Saucony Running Uptown Hoodie In Grey SA81295-DGH","price":{"current":{"value":92.00,"text":"£92.00"},"previous":{"value":null,"text":""},"rrp":{"value":null,"text":""},"isMarkedDown":false,"isOutletPrice":false},"images":[{"url":"https://images.asos-media.com/products/saucony-running-uptown-hoodie-in-grey-sa81295-dgh/7981551-1-grey?$XL$","size":"xl"},{"url":"https://images.asos-media.com/products/saucony-running-uptown-hoodie-in-grey-sa81295-dgh/7981551-1-grey?$L$","size":"l"}],"brandName":"Saucony","colour":"Grey","hasVariantColours":false,"groupId":null,"productCode":1053468,"hasVariantPrices":false,"productType":"Product","variantItemCount":null,"url":"saucony-saucony-running-uptown-hoodie-in-grey-sa81295-dgh/prod/pgeproduct.aspx?iid=7981551&clr=grey"},{"id":7599128,"name":"adidas 3SA Swim Shorts In Short Length","price":{"current":{"value":23.00,"text":"£23.00"},"previous":{"value":null,"text":""},"rrp":{"value":null,"text":""},"isMarkedDown":false,"isOutletPrice":false},"images":[{"url":"https://images.asos-media.com/products/adidas-3sa-swim-shorts-in-short-length/7599128-1-blue?$XL$","size":"xl"},{"url":"https://images.asos-media.com/products/adidas-3sa-swim-shorts-in-short-length/7599128-1-blue?$L$","size":"l"}],"brandName":"Adidas","colour":"Blue","hasVariantColours":false,"groupId":null,"productCode":993959,"hasVariantPrices":false,"productType":"Product","variantItemCount":null,"url":"adidas-adidas-3sa-swim-shorts-in-short-length/prod/pgeproduct.aspx?iid=7599128&clr=blue"},{"id":7866575,"name":"New Look SPORT Running Shorts In Black","price":{"current":{"value":9.99,"text":"£9.99"},"previous":{"value":null,"text":""},"rrp":{"value":null,"text":""},"isMarkedDown":false,"isOutletPrice":false},"images":[{"url":"https://images.asos-media.com/products/new-look-sport-running-shorts-in-black/7866575-1-black?$XL$","size":"xl"},{"url":"https://images.asos-media.com/products/new-look-sport-running-shorts-in-black/7866575-1-black?$L$","size":"l"}],"brandName":"New Look","colour":"Black","hasVariantColours":false,"groupId":null,"productCode":1037883,"hasVariantPrices":false,"productType":"Product","variantItemCount":null,"url":"new-look-new-look-sport-running-shorts-in-black/prod/pgeproduct.aspx?iid=7866575&clr=black"},{"id":7984351,"name":"Nike Running Breathe T-Shirt In Blue 833608-431","price":{"current":{"value":20.00,"text":"£20.00"},"previous":{"value":null,"text":""},"rrp":{"value":null,"text":""},"isMarkedDown":false,"isOutletPrice":false},"images":[{"url":"https://images.asos-media.com/products/nike-running-breathe-t-shirt-in-blue-833608-431/7984351-1-blue?$XL$","size":"xl"},{"url":"https://images.asos-media.com/products/nike-running-breathe-t-shirt-in-blue-833608-431/7984351-1-blue?$L$","size":"l"}],"brandName":"Nike Running","colour":"Blue","hasVariantColours":false,"groupId":null,"productCode":1054493,"hasVariantPrices":false,"productType":"Product","variantItemCount":null,"url":"nike-running-nike-running-breathe-t-shirt-in-blue-833608-431/prod/pgeproduct.aspx?iid=7984351&clr=blue"},{"id":7984335,"name":"Nike Running Racer T-Shirt In Blue 644396-418","price":{"current":{"value":20.00,"text":"£20.00"},"previous":{"value":null,"text":""},"rrp":{"value":null,"text":""},"isMarkedDown":false,"isOutletPrice":false},"images":[{"url":"https://images.asos-media.com/products/nike-running-racer-t-shirt-in-blue-644396-418/7984335-1-blue?$XL$","size":"xl"},{"url":"https://images.asos-media.com/products/nike-running-racer-t-shirt-in-blue-644396-418/7984335-1-blue?$L$","size":"l"}],"brandName":"Nike Running","colour":"Blue","hasVariantColours":false,"groupId":null,"productCode":1054494,"hasVariantPrices":false,"productType":"Product","variantItemCount":null,"url":"nike-running-nike-running-racer-t-shirt-in-blue-644396-418/prod/pgeproduct.aspx?iid=7984335&clr=blue"},{"id":7432918,"name":"Nike Running Miler Dri-Fit T-Shirt In Black 833591-010","price":{"current":{"value":25.00,"text":"£25.00"},"previous":{"value":null,"text":""},"rrp":{"value":null,"text":""},"isMarkedDown":false,"isOutletPrice":false},"images":[{"url":"https://images.asos-media.com/products/nike-running-miler-dri-fit-t-shirt-in-black-833591-010/7432918-1-black?$XL$","size":"xl"},{"url":"https://images.asos-media.com/products/nike-running-miler-dri-fit-t-shirt-in-black-833591-010/7432918-1-black?$L$","size":"l"}],"brandName":"Nike Running","colour":"Black","hasVariantColours":false,"groupId":null,"productCode":968867,"hasVariantPrices":false,"productType":"Product","variantItemCount":null,"url":"nike-running-nike-running-miler-dri-fit-t-shirt-in-black-833591-010/prod/pgeproduct.aspx?iid=7432918&clr=black"},{"id":7432203,"name":"Nike Running 5 Challenger Shorts In Black 644236-010","price":{"current":{"value":23.00,"text":"£23.00"},"previous":{"value":null,"text":""},"rrp":{"value":null,"text":""},"isMarkedDown":false,"isOutletPrice":false},"images":[{"url":"https://images.asos-media.com/products/nike-running-5-challenger-shorts-in-black-644236-010/7432203-1-black?$XL$","size":"xl"},{"url":"https://images.asos-media.com/products/nike-running-5-challenger-shorts-in-black-644236-010/7432203-1-black?$L$","size":"l"}],"brandName":"Nike Running","colour":"Black","hasVariantColours":false,"groupId":null,"productCode":968755,"hasVariantPrices":false,"productType":"Product","variantItemCount":null,"url":"nike-running-nike-running-5-challenger-shorts-in-black-644236-010/prod/pgeproduct.aspx?iid=7432203&clr=black"},{"id":7731914,"name":"Nike Training Compression T-Shirt In Black 703094-010","price":{"current":{"value":25.00,"text":"£25.00"},"previous":{"value":null,"text":""},"rrp":{"value":null,"text":""},"isMarkedDown":false,"isOutletPrice":false},"images":[{"url":"https://images.asos-media.com/products/nike-training-compression-t-shirt-in-black-703094-010/7731914-1-black?$XL$","size":"xl"},{"url":"https://images.asos-media.com/products/nike-training-compression-t-shirt-in-black-703094-010/7731914-1-black?$L$","size":"l"}],"brandName":"Nike Training","colour":"Black","hasVariantColours":false,"groupId":null,"productCode":1018160,"hasVariantPrices":false,"productType":"Product","variantItemCount":null,"url":"nike-training-nike-training-compression-t-shirt-in-black-703094-010/prod/pgeproduct.aspx?iid=7731914&clr=black"},{"id":7779206,"name":"Nike Training Pro HyperCool Tights In Black 828162-010","price":{"current":{"value":38.00,"text":"£38.00"},"previous":{"value":null,"text":""},"rrp":{"value":null,"text":""},"isMarkedDown":false,"isOutletPrice":false},"images":[{"url":"https://images.asos-media.com/products/nike-training-pro-hypercool-tights-in-black-828162-010/7779206-1-black?$XL$","size":"xl"},{"url":"https://images.asos-media.com/products/nike-training-pro-hypercool-tights-in-black-828162-010/7779206-1-black?$L$","size":"l"}],"brandName":"Nike Training","colour":"Black","hasVariantColours":false,"groupId":null,"productCode":1025052,"hasVariantPrices":false,"productType":"Product","variantItemCount":null,"url":"nike-training-nike-training-pro-hypercool-tights-in-black-828162-010/prod/pgeproduct.aspx?iid=7779206&clr=black"},{"id":7403151,"name":"adidas Tango Joggers In Black AZ9733","price":{"current":{"value":45.00,"text":"£45.00"},"previous":{"value":null,"text":""},"rrp":{"value":null,"text":""},"isMarkedDown":false,"isOutletPrice":false},"images":[{"url":"https://images.asos-media.com/products/adidas-tango-joggers-in-black-az9733/7403151-1-black?$XL$","size":"xl"},{"url":"https://images.asos-media.com/products/adidas-tango-joggers-in-black-az9733/7403151-1-black?$L$","size":"l"}],"brandName":"Adidas","colour":"Black","hasVariantColours":false,"groupId":null,"productCode":964522,"hasVariantPrices":false,"productType":"Product","variantItemCount":null,"url":"adidas-adidas-tango-joggers-in-black-az9733/prod/pgeproduct.aspx?iid=7403151&clr=black"},{"id":7432921,"name":"Nike Running Miler Dri-Fit T-Shirt In White 833591-100","price":{"current":{"value":25.00,"text":"£25.00"},"previous":{"value":null,"text":""},"rrp":{"value":null,"text":""},"isMarkedDown":false,"isOutletPrice":false},"images":[{"url":"https://images.asos-media.com/products/nike-running-miler-dri-fit-t-shirt-in-white-833591-100/7432921-1-white?$XL$","size":"xl"},{"url":"https://images.asos-media.com/products/nike-running-miler-dri-fit-t-shirt-in-white-833591-100/7432921-1-white?$L$","size":"l"}],"brandName":"Nike Running","colour":"White","hasVariantColours":false,"groupId":null,"productCode":968870,"hasVariantPrices":false,"productType":"Product","variantItemCount":null,"url":"nike-running-nike-running-miler-dri-fit-t-shirt-in-white-833591-100/prod/pgeproduct.aspx?iid=7432921&clr=white"},{"id":7431982,"name":"Nike Running Dri-FIT Element Half-Zip Sweat In Black 683485-010","price":{"current":{"value":40.00,"text":"£40.00"},"previous":{"value":null,"text":""},"rrp":{"value":null,"text":""},"isMarkedDown":false,"isOutletPrice":false},"images":[{"url":"https://images.asos-media.com/products/nike-running-dri-fit-element-half-zip-sweat-in-black-683485-010/7431982-1-black?$XL$","size":"xl"},{"url":"https://images.asos-media.com/products/nike-running-dri-fit-element-half-zip-sweat-in-black-683485-010/7431982-1-black?$L$","size":"l"}],"brandName":"Nike Running","colour":"Black","hasVariantColours":false,"groupId":null,"productCode":968730,"hasVariantPrices":false,"productType":"Product","variantItemCount":null,"url":"nike-running-nike-running-dri-fit-element-half-zip-sweat-in-black-683485-010/prod/pgeproduct.aspx?iid=7431982&clr=black"},{"id":7432000,"name":"Nike Running Essential Tights In Black 644256-011","price":{"current":{"value":35.00,"text":"£35.00"},"previous":{"value":null,"text":""},"rrp":{"value":null,"text":""},"isMarkedDown":false,"isOutletPrice":false},"images":[{"url":"https://images.asos-media.com/products/nike-running-essential-tights-in-black-644256-011/7432000-1-black?$XL$","size":"xl"},{"url":"https://images.asos-media.com/products/nike-running-essential-tights-in-black-644256-011/7432000-1-black?$L$","size":"l"}],"brandName":"Nike Running","colour":"Black","hasVariantColours":false,"groupId":null,"productCode":968725,"hasVariantPrices":false,"productType":"Product","variantItemCount":null,"url":"nike-running-nike-running-essential-tights-in-black-644256-011/prod/pgeproduct.aspx?iid=7432000&clr=black"},{"id":7611225,"name":"Polo Ralph Lauren Logo T-Shirt Quick Dry in Black","price":{"current":{"value":45.00,"text":"£45.00"},"previous":{"value":null,"text":""},"rrp":{"value":null,"text":""},"isMarkedDown":false,"isOutletPrice":false},"images":[{"url":"https://images.asos-media.com/products/polo-ralph-lauren-logo-t-shirt-quick-dry-in-black/7611225-1-black?$XL$","size":"xl"},{"url":"https://images.asos-media.com/products/polo-ralph-lauren-logo-t-shirt-quick-dry-in-black/7611225-1-black?$L$","size":"l"}],"brandName":"Polo Ralph Lauren","colour":"Black","hasVariantColours":false,"groupId":null,"productCode":999838,"hasVariantPrices":false,"productType":"Product","variantItemCount":null,"url":"polo-ralph-lauren-polo-ralph-lauren-logo-t-shirt-quick-dry-in-black/prod/pgeproduct.aspx?iid=7611225&clr=black"},{"id":7984250,"name":"Nike Running Breathe T-Shirt In Blue 833608-432","price":{"current":{"value":20.00,"text":"£20.00"},"previous":{"value":null,"text":""},"rrp":{"value":null,"text":""},"isMarkedDown":false,"isOutletPrice":false},"images":[{"url":"https://images.asos-media.com/products/nike-running-breathe-t-shirt-in-blue-833608-432/7984250-1-blue?$XL$","size":"xl"},{"url":"https://images.asos-media.com/products/nike-running-breathe-t-shirt-in-blue-833608-432/7984250-1-blue?$L$","size":"l"}],"brandName":"Nike Running","colour":"Blue","hasVariantColours":false,"groupId":null,"productCode":1054490,"hasVariantPrices":false,"productType":"Product","variantItemCount":null,"url":"nike-running-nike-running-breathe-t-shirt-in-blue-833608-432/prod/pgeproduct.aspx?iid=7984250&clr=blue"},{"id":7731915,"name":"Nike Training Compression Vest In Black 703092-010","price":{"current":{"value":22.00,"text":"£22.00"},"previous":{"value":null,"text":""},"rrp":{"value":null,"text":""},"isMarkedDown":false,"isOutletPrice":false},"images":[{"url":"https://images.asos-media.com/products/nike-training-compression-vest-in-black-703092-010/7731915-1-black?$XL$","size":"xl"},{"url":"https://images.asos-media.com/products/nike-training-compression-vest-in-black-703092-010/7731915-1-black?$L$","size":"l"}],"brandName":"Nike Training","colour":"Black","hasVariantColours":false,"groupId":null,"productCode":1018156,"hasVariantPrices":false,"productType":"Product","variantItemCount":null,"url":"nike-training-nike-training-compression-vest-in-black-703092-010/prod/pgeproduct.aspx?iid=7731915&clr=black"},{"id":8031914,"name":"Bershka SPORT Short Sleeve Compression Top In Grey","price":{"current":{"value":14.99,"text":"£14.99"},"previous":{"value":null,"text":""},"rrp":{"value":null,"text":""},"isMarkedDown":false,"isOutletPrice":false},"images":[{"url":"https://images.asos-media.com/products/bershka-sport-short-sleeve-compression-top-in-grey/8031914-1-grey?$XL$","size":"xl"},{"url":"https://images.asos-media.com/products/bershka-sport-short-sleeve-compression-top-in-grey/8031914-1-grey?$L$","size":"l"}],"brandName":"Bershka","colour":"Grey","hasVariantColours":false,"groupId":null,"productCode":1061220,"hasVariantPrices":false,"productType":"Product","variantItemCount":null,"url":"bershka-bershka-sport-short-sleeve-compression-top-in-grey/prod/pgeproduct.aspx?iid=8031914&clr=grey"},{"id":8054662,"name":"Nike Training Dri-FIT 9 Shorts In Grey 742517-063","price":{"current":{"value":23.00,"text":"£23.00"},"previous":{"value":null,"text":""},"rrp":{"value":null,"text":""},"isMarkedDown":false,"isOutletPrice":false},"images":[{"url":"https://images.asos-media.com/products/nike-training-dri-fit-9-shorts-in-grey-742517-063/8054662-1-grey?$XL$","size":"xl"},{"url":"https://images.asos-media.com/products/nike-training-dri-fit-9-shorts-in-grey-742517-063/8054662-1-grey?$L$","size":"l"}],"brandName":"Nike Training","colour":"Grey","hasVariantColours":false,"groupId":null,"productCode":1064674,"hasVariantPrices":false,"productType":"Product","variantItemCount":null,"url":"nike-training-nike-training-dri-fit-9-shorts-in-grey-742517-063/prod/pgeproduct.aspx?iid=8054662&clr=grey"},{"id":7432927,"name":"Nike Running Challenger Dri-Fit 2 Shorts In Black 807102-010","price":{"current":{"value":25.00,"text":"£25.00"},"previous":{"value":null,"text":""},"rrp":{"value":null,"text":""},"isMarkedDown":false,"isOutletPrice":false},"images":[{"url":"https://images.asos-media.com/products/nike-running-challenger-dri-fit-2-shorts-in-black-807102-010/7432927-1-black?$XL$","size":"xl"},{"url":"https://images.asos-media.com/products/nike-running-challenger-dri-fit-2-shorts-in-black-807102-010/7432927-1-black?$L$","size":"l"}],"brandName":"Nike Running","colour":"Black","hasVariantColours":false,"groupId":null,"productCode":968873,"hasVariantPrices":false,"productType":"Product","variantItemCount":null,"url":"nike-running-nike-running-challenger-dri-fit-2-shorts-in-black-807102-010/prod/pgeproduct.aspx?iid=7432927&clr=black"},{"id":7432936,"name":"Nike Running City Dri-Fit Shorts In Black 833559-010","price":{"current":{"value":25.00,"text":"£25.00"},"previous":{"value":null,"text":""},"rrp":{"value":null,"text":""},"isMarkedDown":false,"isOutletPrice":false},"images":[{"url":"https://images.asos-media.com/products/nike-running-city-dri-fit-shorts-in-black-833559-010/7432936-1-black?$XL$","size":"xl"},{"url":"https://images.asos-media.com/products/nike-running-city-dri-fit-shorts-in-black-833559-010/7432936-1-black?$L$","size":"l"}],"brandName":"Nike Running","colour":"Black","hasVariantColours":false,"groupId":null,"productCode":968876,"hasVariantPrices":false,"productType":"Product","variantItemCount":null,"url":"nike-running-nike-running-city-dri-fit-shorts-in-black-833559-010/prod/pgeproduct.aspx?iid=7432936&clr=black"},{"id":7731941,"name":"Nike Training Compression T-Shirt In Grey 703094-091","price":{"current":{"value":25.00,"text":"£25.00"},"previous":{"value":null,"text":""},"rrp":{"value":null,"text":""},"isMarkedDown":false,"isOutletPrice":false},"images":[{"url":"https://images.asos-media.com/products/nike-training-compression-t-shirt-in-grey-703094-091/7731941-1-grey?$XL$","size":"xl"},{"url":"https://images.asos-media.com/products/nike-training-compression-t-shirt-in-grey-703094-091/7731941-1-grey?$L$","size":"l"}],"brandName":"Nike Training","colour":"Grey","hasVariantColours":false,"groupId":null,"productCode":1018162,"hasVariantPrices":false,"productType":"Product","variantItemCount":null,"url":"nike-training-nike-training-compression-t-shirt-in-grey-703094-091/prod/pgeproduct.aspx?iid=7731941&clr=grey"},{"id":7984352,"name":"Nike Running Breathe T-Shirt In Green 852169-331","price":{"current":{"value":25.00,"text":"£25.00"},"previous":{"value":null,"text":""},"rrp":{"value":null,"text":""},"isMarkedDown":false,"isOutletPrice":false},"images":[{"url":"https://images.asos-media.com/products/nike-running-breathe-t-shirt-in-green-852169-331/7984352-1-green?$XL$","size":"xl"},{"url":"https://images.asos-media.com/products/nike-running-breathe-t-shirt-in-green-852169-331/7984352-1-green?$L$","size":"l"}],"brandName":"Nike Running","colour":"Green","hasVariantColours":false,"groupId":null,"productCode":1054499,"hasVariantPrices":false,"productType":"Product","variantItemCount":null,"url":"nike-running-nike-running-breathe-t-shirt-in-green-852169-331/prod/pgeproduct.aspx?iid=7984352&clr=green"},{"id":7740808,"name":"Nike Running 5 Distance Shorts In Black 642804-010","price":{"current":{"value":30.00,"text":"£30.00"},"previous":{"value":null,"text":""},"rrp":{"value":null,"text":""},"isMarkedDown":false,"isOutletPrice":false},"images":[{"url":"https://images.asos-media.com/products/nike-running-5-distance-shorts-in-black-642804-010/7740808-1-black?$XL$","size":"xl"},{"url":"https://images.asos-media.com/products/nike-running-5-distance-shorts-in-black-642804-010/7740808-1-black?$L$","size":"l"}],"brandName":"Nike Running","colour":"Black","hasVariantColours":false,"groupId":null,"productCode":1019538,"hasVariantPrices":false,"productType":"Product","variantItemCount":null,"url":"nike-running-nike-running-5-distance-shorts-in-black-642804-010/prod/pgeproduct.aspx?iid=7740808&clr=black"},{"id":7403142,"name":"adidas Tango Skinny Joggers In Black AZ9728","price":{"current":{"value":35.00,"text":"£35.00"},"previous":{"value":null,"text":""},"rrp":{"value":null,"text":""},"isMarkedDown":false,"isOutletPrice":false},"images":[{"url":"https://images.asos-media.com/products/adidas-tango-skinny-joggers-in-black-az9728/7403142-1-black?$XL$","size":"xl"},{"url":"https://images.asos-media.com/products/adidas-tango-skinny-joggers-in-black-az9728/7403142-1-black?$L$","size":"l"}],"brandName":"Adidas","colour":"Black","hasVariantColours":false,"groupId":null,"productCode":964520,"hasVariantPrices":false,"productType":"Product","variantItemCount":null,"url":"adidas-adidas-tango-skinny-joggers-in-black-az9728/prod/pgeproduct.aspx?iid=7403142&clr=black"},{"id":7433056,"name":"Nike Running Flex 2-in-1 Distance 5 Shorts In Black 856832-010","price":{"current":{"value":30.00,"text":"£30.00"},"previous":{"value":null,"text":""},"rrp":{"value":null,"text":""},"isMarkedDown":false,"isOutletPrice":false},"images":[{"url":"https://images.asos-media.com/products/nike-running-flex-2-in-1-distance-5-shorts-in-black-856832-010/7433056-1-black?$XL$","size":"xl"},{"url":"https://images.asos-media.com/products/nike-running-flex-2-in-1-distance-5-shorts-in-black-856832-010/7433056-1-black?$L$","size":"l"}],"brandName":"Nike Running","colour":"Black","hasVariantColours":false,"groupId":null,"productCode":968906,"hasVariantPrices":false,"productType":"Product","variantItemCount":null,"url":"nike-running-nike-running-flex-2-in-1-distance-5-shorts-in-black-856832-010/prod/pgeproduct.aspx?iid=7433056&clr=black"},{"id":7611904,"name":"Polo Ralph Lauren Microdot T-Shirt Sport Quick Dry in Black","price":{"current":{"value":45.00,"text":"£45.00"},"previous":{"value":null,"text":""},"rrp":{"value":null,"text":""},"isMarkedDown":false,"isOutletPrice":false},"images":[{"url":"https://images.asos-media.com/products/polo-ralph-lauren-microdot-t-shirt-sport-quick-dry-in-black/7611904-1-poloblack?$XL$","size":"xl"},{"url":"https://images.asos-media.com/products/polo-ralph-lauren-microdot-t-shirt-sport-quick-dry-in-black/7611904-1-poloblack?$L$","size":"l"}],"brandName":"Polo Ralph Lauren","colour":"Polo black","hasVariantColours":false,"groupId":null,"productCode":999936,"hasVariantPrices":false,"productType":"Product","variantItemCount":null,"url":"polo-ralph-lauren-polo-ralph-lauren-microdot-t-shirt-sport-quick-dry-in-black/prod/pgeproduct.aspx?iid=7611904&clr=poloblack"},{"id":7432218,"name":"Nike Running 7 Distance Shorts In Black Colour Block 642807-013","price":{"current":{"value":30.00,"text":"£30.00"},"previous":{"value":null,"text":""},"rrp":{"value":null,"text":""},"isMarkedDown":false,"isOutletPrice":false},"images":[{"url":"https://images.asos-media.com/products/nike-running-7-distance-shorts-in-black-colour-block-642807-013/7432218-1-black?$XL$","size":"xl"},{"url":"https://images.asos-media.com/products/nike-running-7-distance-shorts-in-black-colour-block-642807-013/7432218-1-black?$L$","size":"l"}],"brandName":"Nike Running","colour":"Black","hasVariantColours":false,"groupId":null,"productCode":968777,"hasVariantPrices":false,"productType":"Product","variantItemCount":null,"url":"nike-running-nike-running-7-distance-shorts-in-black-colour-block-642807-013/prod/pgeproduct.aspx?iid=7432218&clr=black"},{"id":8031895,"name":"Bershka SPORT Short Sleeve Compression Top In Navy","price":{"current":{"value":14.99,"text":"£14.99"},"previous":{"value":null,"text":""},"rrp":{"value":null,"text":""},"isMarkedDown":false,"isOutletPrice":false},"images":[{"url":"https://images.asos-media.com/products/bershka-sport-short-sleeve-compression-top-in-navy/8031895-1-navy?$XL$","size":"xl"},{"url":"https://images.asos-media.com/products/bershka-sport-short-sleeve-compression-top-in-navy/8031895-1-navy?$L$","size":"l"}],"brandName":"Bershka","colour":"Navy","hasVariantColours":false,"groupId":null,"productCode":1061217,"hasVariantPrices":false,"productType":"Product","variantItemCount":null,"url":"bershka-bershka-sport-short-sleeve-compression-top-in-navy/prod/pgeproduct.aspx?iid=8031895&clr=navy"},{"id":7741130,"name":"Nike Running 7 Pursuit 2-In-1 Shorts In Black 683288-010","price":{"current":{"value":35.00,"text":"£35.00"},"previous":{"value":null,"text":""},"rrp":{"value":null,"text":""},"isMarkedDown":false,"isOutletPrice":false},"images":[{"url":"https://images.asos-media.com/products/nike-running-7-pursuit-2-in-1-shorts-in-black-683288-010/7741130-1-black?$XL$","size":"xl"},{"url":"https://images.asos-media.com/products/nike-running-7-pursuit-2-in-1-shorts-in-black-683288-010/7741130-1-black?$L$","size":"l"}],"brandName":"Nike Running","colour":"Black","hasVariantColours":false,"groupId":null,"productCode":1019572,"hasVariantPrices":false,"productType":"Product","variantItemCount":null,"url":"nike-running-nike-running-7-pursuit-2-in-1-shorts-in-black-683288-010/prod/pgeproduct.aspx?iid=7741130&clr=black"},{"id":7740788,"name":"Nike Running 5 Distance Shorts In Black 642804-011","price":{"current":{"value":30.00,"text":"£30.00"},"previous":{"value":null,"text":""},"rrp":{"value":null,"text":""},"isMarkedDown":false,"isOutletPrice":false},"images":[{"url":"https://images.asos-media.com/products/nike-running-5-distance-shorts-in-black-642804-011/7740788-1-black?$XL$","size":"xl"},{"url":"https://images.asos-media.com/products/nike-running-5-distance-shorts-in-black-642804-011/7740788-1-black?$L$","size":"l"}],"brandName":"Nike Running","colour":"Black","hasVariantColours":false,"groupId":null,"productCode":1019527,"hasVariantPrices":false,"productType":"Product","variantItemCount":null,"url":"nike-running-nike-running-5-distance-shorts-in-black-642804-011/prod/pgeproduct.aspx?iid=7740788&clr=black"},{"id":7866713,"name":"New Look SPORT Double Layer Running Shorts In Black","price":{"current":{"value":19.99,"text":"£19.99"},"previous":{"value":null,"text":""},"rrp":{"value":null,"text":""},"isMarkedDown":false,"isOutletPrice":false},"images":[{"url":"https://images.asos-media.com/products/new-look-sport-double-layer-running-shorts-in-black/7866713-1-black?$XL$","size":"xl"},{"url":"https://images.asos-media.com/products/new-look-sport-double-layer-running-shorts-in-black/7866713-1-black?$L$","size":"l"}],"brandName":"New Look","colour":"Black","hasVariantColours":false,"groupId":null,"productCode":1037902,"hasVariantPrices":false,"productType":"Product","variantItemCount":null,"url":"new-look-new-look-sport-double-layer-running-shorts-in-black/prod/pgeproduct.aspx?iid=7866713&clr=black"},{"id":7599118,"name":"adidas 3SA Swim Shorts In Short Length","price":{"current":{"value":23.00,"text":"£23.00"},"previous":{"value":null,"text":""},"rrp":{"value":null,"text":""},"isMarkedDown":false,"isOutletPrice":false},"images":[{"url":"https://images.asos-media.com/products/adidas-3sa-swim-shorts-in-short-length/7599118-1-yellow?$XL$","size":"xl"},{"url":"https://images.asos-media.com/products/adidas-3sa-swim-shorts-in-short-length/7599118-1-yellow?$L$","size":"l"}],"brandName":"Adidas","colour":"Yellow","hasVariantColours":false,"groupId":null,"productCode":993962,"hasVariantPrices":false,"productType":"Product","variantItemCount":null,"url":"adidas-adidas-3sa-swim-shorts-in-short-length/prod/pgeproduct.aspx?iid=7599118&clr=yellow"},{"id":7731938,"name":"Nike Training Compression Long Sleeve Top With Turtle Neck In Black 703090-010","price":{"current":{"value":30.00,"text":"£30.00"},"previous":{"value":null,"text":""},"rrp":{"value":null,"text":""},"isMarkedDown":false,"isOutletPrice":false},"images":[{"url":"https://images.asos-media.com/products/nike-training-compression-long-sleeve-top-with-turtle-neck-in-black-703090-010/7731938-1-black?$XL$","size":"xl"},{"url":"https://images.asos-media.com/products/nike-training-compression-long-sleeve-top-with-turtle-neck-in-black-703090-010/7731938-1-black?$L$","size":"l"}],"brandName":"Nike Training","colour":"Black","hasVariantColours":false,"groupId":null,"productCode":1018188,"hasVariantPrices":false,"productType":"Product","variantItemCount":null,"url":"nike-training-nike-training-compression-long-sleeve-top-with-turtle-neck-in-black-703090-010/prod/pgeproduct.aspx?iid=7731938&clr=black"},{"id":7731952,"name":"Nike Training Dri-FIT 2.0 T-Shirt In Black 706625-010","price":{"current":{"value":20.00,"text":"£20.00"},"previous":{"value":null,"text":""},"rrp":{"value":null,"text":""},"isMarkedDown":false,"isOutletPrice":false},"images":[{"url":"https://images.asos-media.com/products/nike-training-dri-fit-20-t-shirt-in-black-706625-010/7731952-1-black?$XL$","size":"xl"},{"url":"https://images.asos-media.com/products/nike-training-dri-fit-20-t-shirt-in-black-706625-010/7731952-1-black?$L$","size":"l"}],"brandName":"Nike Training","colour":"Black","hasVariantColours":false,"groupId":null,"productCode":1018154,"hasVariantPrices":false,"productType":"Product","variantItemCount":null,"url":"nike-training-nike-training-dri-fit-2-0-t-shirt-in-black-706625-010/prod/pgeproduct.aspx?iid=7731952&clr=black"},{"id":7741123,"name":"Nike Running 5 Distance Shorts In Green 642804-355","price":{"current":{"value":30.00,"text":"£30.00"},"previous":{"value":null,"text":""},"rrp":{"value":null,"text":""},"isMarkedDown":false,"isOutletPrice":false},"images":[{"url":"https://images.asos-media.com/products/nike-running-5-distance-shorts-in-green-642804-355/7741123-1-green?$XL$","size":"xl"},{"url":"https://images.asos-media.com/products/nike-running-5-distance-shorts-in-green-642804-355/7741123-1-green?$L$","size":"l"}],"brandName":"Nike Running","colour":"Green","hasVariantColours":false,"groupId":null,"productCode":1019580,"hasVariantPrices":false,"productType":"Product","variantItemCount":null,"url":"nike-running-nike-running-5-distance-shorts-in-green-642804-355/prod/pgeproduct.aspx?iid=7741123&clr=green"},{"id":8054747,"name":"Nike Training Dri-FIT 9 Shorts In Navy 742517-451","price":{"current":{"value":23.00,"text":"£23.00"},"previous":{"value":null,"text":""},"rrp":{"value":null,"text":""},"isMarkedDown":false,"isOutletPrice":false},"images":[{"url":"https://images.asos-media.com/products/nike-training-dri-fit-9-shorts-in-navy-742517-451/8054747-1-navy?$XL$","size":"xl"},{"url":"https://images.asos-media.com/products/nike-training-dri-fit-9-shorts-in-navy-742517-451/8054747-1-navy?$L$","size":"l"}],"brandName":"Nike Training","colour":"Navy","hasVariantColours":false,"groupId":null,"productCode":1064675,"hasVariantPrices":false,"productType":"Product","variantItemCount":null,"url":"nike-training-nike-training-dri-fit-9-shorts-in-navy-742517-451/prod/pgeproduct.aspx?iid=8054747&clr=navy"},{"id":7433058,"name":"Nike Running Miler Breathe T-Shirt In White 834241-100","price":{"current":{"value":28.00,"text":"£28.00"},"previous":{"value":null,"text":""},"rrp":{"value":null,"text":""},"isMarkedDown":false,"isOutletPrice":false},"images":[{"url":"https://images.asos-media.com/products/nike-running-miler-breathe-t-shirt-in-white-834241-100/7433058-1-white?$XL$","size":"xl"},{"url":"https://images.asos-media.com/products/nike-running-miler-breathe-t-shirt-in-white-834241-100/7433058-1-white?$L$","size":"l"}],"brandName":"Nike Running","colour":"White","hasVariantColours":false,"groupId":null,"productCode":968903,"hasVariantPrices":false,"productType":"Product","variantItemCount":null,"url":"nike-running-nike-running-miler-breathe-t-shirt-in-white-834241-100/prod/pgeproduct.aspx?iid=7433058&clr=white"},{"id":7731940,"name":"Nike Training Dry 2.0 T-Shirt In Grey 706625-063","price":{"current":{"value":20.00,"text":"£20.00"},"previous":{"value":null,"text":""},"rrp":{"value":null,"text":""},"isMarkedDown":false,"isOutletPrice":false},"images":[{"url":"https://images.asos-media.com/products/nike-training-dry-20-t-shirt-in-grey-706625-063/7731940-1-grey?$XL$","size":"xl"},{"url":"https://images.asos-media.com/products/nike-training-dry-20-t-shirt-in-grey-706625-063/7731940-1-grey?$L$","size":"l"}],"brandName":"Nike Training","colour":"Grey","hasVariantColours":false,"groupId":null,"productCode":1018152,"hasVariantPrices":false,"productType":"Product","variantItemCount":null,"url":"nike-training-nike-training-dry-2-0-t-shirt-in-grey-706625-063/prod/pgeproduct.aspx?iid=7731940&clr=grey"},{"id":7866723,"name":"New Look SPORT Running Tights In Black Camo","price":{"current":{"value":24.99,"text":"£24.99"},"previous":{"value":null,"text":""},"rrp":{"value":null,"text":""},"isMarkedDown":false,"isOutletPrice":false},"images":[{"url":"https://images.asos-media.com/products/new-look-sport-running-tights-in-black-camo/7866723-1-black?$XL$","size":"xl"},{"url":"https://images.asos-media.com/products/new-look-sport-running-tights-in-black-camo/7866723-1-black?$L$","size":"l"}],"brandName":"New Look","colour":"Black","hasVariantColours":false,"groupId":null,"productCode":1037910,"hasVariantPrices":false,"productType":"Product","variantItemCount":null,"url":"new-look-new-look-sport-running-tights-in-black-camo/prod/pgeproduct.aspx?iid=7866723&clr=black"},{"id":7984339,"name":"Nike Training Dri-FIT T-Shirt In Grey 835332-063","price":{"current":{"value":25.00,"text":"£25.00"},"previous":{"value":null,"text":""},"rrp":{"value":null,"text":""},"isMarkedDown":false,"isOutletPrice":false},"images":[{"url":"https://images.asos-media.com/products/nike-training-dri-fit-t-shirt-in-grey-835332-063/7984339-1-grey?$XL$","size":"xl"},{"url":"https://images.asos-media.com/products/nike-training-dri-fit-t-shirt-in-grey-835332-063/7984339-1-grey?$L$","size":"l"}],"brandName":"Nike Training","colour":"Grey","hasVariantColours":false,"groupId":null,"productCode":1054507,"hasVariantPrices":false,"productType":"Product","variantItemCount":null,"url":"nike-training-nike-training-dri-fit-t-shirt-in-grey-835332-063/prod/pgeproduct.aspx?iid=7984339&clr=grey"},{"id":7433191,"name":"Nike Running Element Half-Zip Dri-Fit Top In Grey 683485-021","price":{"current":{"value":40.00,"text":"£40.00"},"previous":{"value":null,"text":""},"rrp":{"value":null,"text":""},"isMarkedDown":false,"isOutletPrice":false},"images":[{"url":"https://images.asos-media.com/products/nike-running-element-half-zip-dri-fit-top-in-grey-683485-021/7433191-1-grey?$XL$","size":"xl"},{"url":"https://images.asos-media.com/products/nike-running-element-half-zip-dri-fit-top-in-grey-683485-021/7433191-1-grey?$L$","size":"l"}],"brandName":"Nike Running","colour":"Grey","hasVariantColours":false,"groupId":null,"productCode":968918,"hasVariantPrices":false,"productType":"Product","variantItemCount":null,"url":"nike-running-nike-running-element-half-zip-dri-fit-top-in-grey-683485-021/prod/pgeproduct.aspx?iid=7433191&clr=grey"},{"id":7423978,"name":"Nike Training Compression Tights In Grey 703098-091","price":{"current":{"value":30.00,"text":"£30.00"},"previous":{"value":null,"text":""},"rrp":{"value":null,"text":""},"isMarkedDown":false,"isOutletPrice":false},"images":[{"url":"https://images.asos-media.com/products/nike-training-compression-tights-in-grey-703098-091/7423978-1-grey?$XL$","size":"xl"},{"url":"https://images.asos-media.com/products/nike-training-compression-tights-in-grey-703098-091/7423978-1-grey?$L$","size":"l"}],"brandName":"Nike Training","colour":"Grey","hasVariantColours":false,"groupId":null,"productCode":967604,"hasVariantPrices":false,"productType":"Product","variantItemCount":null,"url":"nike-training-nike-training-compression-tights-in-grey-703098-091/prod/pgeproduct.aspx?iid=7423978&clr=grey"},{"id":7433060,"name":"Nike Running Miler Breathe T-Shirt In Black 834241-014","price":{"current":{"value":28.00,"text":"£28.00"},"previous":{"value":null,"text":""},"rrp":{"value":null,"text":""},"isMarkedDown":false,"isOutletPrice":false},"images":[{"url":"https://images.asos-media.com/products/nike-running-miler-breathe-t-shirt-in-black-834241-014/7433060-1-black?$XL$","size":"xl"},{"url":"https://images.asos-media.com/products/nike-running-miler-breathe-t-shirt-in-black-834241-014/7433060-1-black?$L$","size":"l"}],"brandName":"Nike Running","colour":"Black","hasVariantColours":false,"groupId":null,"productCode":968902,"hasVariantPrices":false,"productType":"Product","variantItemCount":null,"url":"nike-running-nike-running-miler-breathe-t-shirt-in-black-834241-014/prod/pgeproduct.aspx?iid=7433060&clr=black"},{"id":7984346,"name":"Nike Running Dri-FIT 7 Challenger Shorts In Black 833117-010","price":{"current":{"value":28.00,"text":"£28.00"},"previous":{"value":null,"text":""},"rrp":{"value":null,"text":""},"isMarkedDown":false,"isOutletPrice":false},"images":[{"url":"https://images.asos-media.com/products/nike-running-dri-fit-7-challenger-shorts-in-black-833117-010/7984346-1-black?$XL$","size":"xl"},{"url":"https://images.asos-media.com/products/nike-running-dri-fit-7-challenger-shorts-in-black-833117-010/7984346-1-black?$L$","size":"l"}],"brandName":"Nike Running","colour":"Black","hasVariantColours":false,"groupId":null,"productCode":1054501,"hasVariantPrices":false,"productType":"Product","variantItemCount":null,"url":"nike-running-nike-running-dri-fit-7-challenger-shorts-in-black-833117-010/prod/pgeproduct.aspx?iid=7984346&clr=black"},{"id":7770060,"name":"Nike Running Zonal Relay T-Shirt In Grey 833580-060","price":{"current":{"value":30.00,"text":"£30.00"},"previous":{"value":null,"text":""},"rrp":{"value":null,"text":""},"isMarkedDown":false,"isOutletPrice":false},"images":[{"url":"https://images.asos-media.com/products/nike-running-zonal-relay-t-shirt-in-grey-833580-060/7770060-1-grey?$XL$","size":"xl"},{"url":"https://images.asos-media.com/products/nike-running-zonal-relay-t-shirt-in-grey-833580-060/7770060-1-grey?$L$","size":"l"}],"brandName":"Nike Running","colour":"Grey","hasVariantColours":false,"groupId":null,"productCode":1023670,"hasVariantPrices":false,"productType":"Product","variantItemCount":null,"url":"nike-running-nike-running-zonal-relay-t-shirt-in-grey-833580-060/prod/pgeproduct.aspx?iid=7770060&clr=grey"},{"id":7432209,"name":"Nike Running Dri-FIT Contour Long Sleeve T-Shirt In Black 683521-010","price":{"current":{"value":33.00,"text":"£33.00"},"previous":{"value":null,"text":""},"rrp":{"value":null,"text":""},"isMarkedDown":false,"isOutletPrice":false},"images":[{"url":"https://images.asos-media.com/products/nike-running-dri-fit-contour-long-sleeve-t-shirt-in-black-683521-010/7432209-1-black?$XL$","size":"xl"},{"url":"https://images.asos-media.com/products/nike-running-dri-fit-contour-long-sleeve-t-shirt-in-black-683521-010/7432209-1-black?$L$","size":"l"}],"brandName":"Nike Running","colour":"Black","hasVariantColours":false,"groupId":null,"productCode":968761,"hasVariantPrices":false,"productType":"Product","variantItemCount":null,"url":"nike-running-nike-running-dri-fit-contour-long-sleeve-t-shirt-in-black-683521-010/prod/pgeproduct.aspx?iid=7432209&clr=black"},{"id":7731936,"name":"Nike Training Compression Shorts In Black 703084-010","price":{"current":{"value":25.00,"text":"£25.00"},"previous":{"value":null,"text":""},"rrp":{"value":null,"text":""},"isMarkedDown":false,"isOutletPrice":false},"images":[{"url":"https://images.asos-media.com/products/nike-training-compression-shorts-in-black-703084-010/7731936-1-black?$XL$","size":"xl"},{"url":"https://images.asos-media.com/products/nike-training-compression-shorts-in-black-703084-010/7731936-1-black?$L$","size":"l"}],"brandName":"Nike Training","colour":"Black","hasVariantColours":false,"groupId":null,"productCode":1018168,"hasVariantPrices":false,"productType":"Product","variantItemCount":null,"url":"nike-training-nike-training-compression-shorts-in-black-703084-010/prod/pgeproduct.aspx?iid=7731936&clr=black"},{"id":7731953,"name":"Nike Training Compression T-Shirt In White 703094-100","price":{"current":{"value":25.00,"text":"£25.00"},"previous":{"value":null,"text":""},"rrp":{"value":null,"text":""},"isMarkedDown":false,"isOutletPrice":false},"images":[{"url":"https://images.asos-media.com/products/nike-training-compression-t-shirt-in-white-703094-100/7731953-1-white?$XL$","size":"xl"},{"url":"https://images.asos-media.com/products/nike-training-compression-t-shirt-in-white-703094-100/7731953-1-white?$L$","size":"l"}],"brandName":"Nike Training","colour":"White","hasVariantColours":false,"groupId":null,"productCode":1018164,"hasVariantPrices":false,"productType":"Product","variantItemCount":null,"url":"nike-training-nike-training-compression-t-shirt-in-white-703094-100/prod/pgeproduct.aspx?iid=7731953&clr=white"},{"id":7423789,"name":"Nike Training Dri-FIT Vest In Black 841627-071","price":{"current":{"value":25.00,"text":"£25.00"},"previous":{"value":null,"text":""},"rrp":{"value":null,"text":""},"isMarkedDown":false,"isOutletPrice":false},"images":[{"url":"https://images.asos-media.com/products/nike-training-dri-fit-vest-in-black-841627-071/7423789-1-black?$XL$","size":"xl"},{"url":"https://images.asos-media.com/products/nike-training-dri-fit-vest-in-black-841627-071/7423789-1-black?$L$","size":"l"}],"brandName":"Nike Training","colour":"Black","hasVariantColours":false,"groupId":null,"productCode":967570,"hasVariantPrices":false,"productType":"Product","variantItemCount":null,"url":"nike-training-nike-training-dri-fit-vest-in-black-841627-071/prod/pgeproduct.aspx?iid=7423789&clr=black"},{"id":7740811,"name":"Nike Running 7 Distance Shorts In Black 642807-010","price":{"current":{"value":30.00,"text":"£30.00"},"previous":{"value":null,"text":""},"rrp":{"value":null,"text":""},"isMarkedDown":false,"isOutletPrice":false},"images":[{"url":"https://images.asos-media.com/products/nike-running-7-distance-shorts-in-black-642807-010/7740811-1-black?$XL$","size":"xl"},{"url":"https://images.asos-media.com/products/nike-running-7-distance-shorts-in-black-642807-010/7740811-1-black?$L$","size":"l"}],"brandName":"Nike Running","colour":"Black","hasVariantColours":false,"groupId":null,"productCode":1019525,"hasVariantPrices":false,"productType":"Product","variantItemCount":null,"url":"nike-running-nike-running-7-distance-shorts-in-black-642807-010/prod/pgeproduct.aspx?iid=7740811&clr=black"},{"id":8031901,"name":"Bershka SPORT Short Sleeve Compression Top In Red","price":{"current":{"value":14.99,"text":"£14.99"},"previous":{"value":null,"text":""},"rrp":{"value":null,"text":""},"isMarkedDown":false,"isOutletPrice":false},"images":[{"url":"https://images.asos-media.com/products/bershka-sport-short-sleeve-compression-top-in-red/8031901-1-red?$XL$","size":"xl"},{"url":"https://images.asos-media.com/products/bershka-sport-short-sleeve-compression-top-in-red/8031901-1-red?$L$","size":"l"}],"brandName":"Bershka","colour":"Red","hasVariantColours":false,"groupId":null,"productCode":1061219,"hasVariantPrices":false,"productType":"Product","variantItemCount":null,"url":"bershka-bershka-sport-short-sleeve-compression-top-in-red/prod/pgeproduct.aspx?iid=8031901&clr=red"},{"id":7394945,"name":"Jack & Jones Tech T-Shirt with Printed Logo","price":{"current":{"value":10.00,"text":"£10.00"},"previous":{"value":null,"text":""},"rrp":{"value":null,"text":""},"isMarkedDown":false,"isOutletPrice":false},"images":[{"url":"https://images.asos-media.com/products/jack-jones-tech-t-shirt-with-printed-logo/7394945-1-black?$XL$","size":"xl"},{"url":"https://images.asos-media.com/products/jack-jones-tech-t-shirt-with-printed-logo/7394945-1-black?$L$","size":"l"}],"brandName":"Jack & Jones","colour":"Black","hasVariantColours":false,"groupId":null,"productCode":963365,"hasVariantPrices":false,"productType":"Product","variantItemCount":null,"url":"jack-jones-jack-jones-tech-t-shirt-with-printed-logo/prod/pgeproduct.aspx?iid=7394945&clr=black"},{"id":7433063,"name":"Nike Running Miler Breathe T-Shirt In Blue 834241-411","price":{"current":{"value":28.00,"text":"£28.00"},"previous":{"value":null,"text":""},"rrp":{"value":null,"text":""},"isMarkedDown":false,"isOutletPrice":false},"images":[{"url":"https://images.asos-media.com/products/nike-running-miler-breathe-t-shirt-in-blue-834241-411/7433063-1-blue?$XL$","size":"xl"},{"url":"https://images.asos-media.com/products/nike-running-miler-breathe-t-shirt-in-blue-834241-411/7433063-1-blue?$L$","size":"l"}],"brandName":"Nike Running","colour":"Blue","hasVariantColours":false,"groupId":null,"productCode":968901,"hasVariantPrices":false,"productType":"Product","variantItemCount":null,"url":"nike-running-nike-running-miler-breathe-t-shirt-in-blue-834241-411/prod/pgeproduct.aspx?iid=7433063&clr=blue"},{"id":7433059,"name":"Nike Running City Dri-Fit Vest In White 834246-100","price":{"current":{"value":25.00,"text":"£25.00"},"previous":{"value":null,"text":""},"rrp":{"value":null,"text":""},"isMarkedDown":false,"isOutletPrice":false},"images":[{"url":"https://images.asos-media.com/products/nike-running-city-dri-fit-vest-in-white-834246-100/7433059-1-white?$XL$","size":"xl"},{"url":"https://images.asos-media.com/products/nike-running-city-dri-fit-vest-in-white-834246-100/7433059-1-white?$L$","size":"l"}],"brandName":"Nike Running","colour":"White","hasVariantColours":false,"groupId":null,"productCode":968891,"hasVariantPrices":false,"productType":"Product","variantItemCount":null,"url":"nike-running-nike-running-city-dri-fit-vest-in-white-834246-100/prod/pgeproduct.aspx?iid=7433059&clr=white"},{"id":7736911,"name":"River Island ACTIVE Seamless Top With Hood And Fluro Detail In Black","price":{"current":{"value":25.00,"text":"£25.00"},"previous":{"value":null,"text":""},"rrp":{"value":null,"text":""},"isMarkedDown":false,"isOutletPrice":false},"images":[{"url":"https://images.asos-media.com/products/river-island-active-seamless-top-with-hood-and-fluro-detail-in-black/7736911-1-black?$XL$","size":"xl"},{"url":"https://images.asos-media.com/products/river-island-active-seamless-top-with-hood-and-fluro-detail-in-black/7736911-1-black?$L$","size":"l"}],"brandName":"River Island","colour":"Black","hasVariantColours":false,"groupId":null,"productCode":1018723,"hasVariantPrices":false,"productType":"Product","variantItemCount":null,"url":"river-island-river-island-active-seamless-top-with-hood-and-fluro-detail-in-black/prod/pgeproduct.aspx?iid=7736911&clr=black"},{"id":7984356,"name":"Nike Training Dri-FIT T-Shirt In White 839518-100","price":{"current":{"value":30.00,"text":"£30.00"},"previous":{"value":null,"text":""},"rrp":{"value":null,"text":""},"isMarkedDown":false,"isOutletPrice":false},"images":[{"url":"https://images.asos-media.com/products/nike-training-dri-fit-t-shirt-in-white-839518-100/7984356-1-white?$XL$","size":"xl"},{"url":"https://images.asos-media.com/products/nike-training-dri-fit-t-shirt-in-white-839518-100/7984356-1-white?$L$","size":"l"}],"brandName":"Nike Training","colour":"White","hasVariantColours":false,"groupId":null,"productCode":1054504,"hasVariantPrices":false,"productType":"Product","variantItemCount":null,"url":"nike-training-nike-training-dri-fit-t-shirt-in-white-839518-100/prod/pgeproduct.aspx?iid=7984356&clr=white"},{"id":7611244,"name":"Polo Ralph Lauren Microdot T-Shirt Quick Dry in White","price":{"current":{"value":45.00,"text":"£45.00"},"previous":{"value":null,"text":""},"rrp":{"value":null,"text":""},"isMarkedDown":false,"isOutletPrice":false},"images":[{"url":"https://images.asos-media.com/products/polo-ralph-lauren-microdot-t-shirt-quick-dry-in-white/7611244-1-white?$XL$","size":"xl"},{"url":"https://images.asos-media.com/products/polo-ralph-lauren-microdot-t-shirt-quick-dry-in-white/7611244-1-white?$L$","size":"l"}],"brandName":"Polo Ralph Lauren","colour":"White","hasVariantColours":false,"groupId":null,"productCode":999830,"hasVariantPrices":false,"productType":"Product","variantItemCount":null,"url":"polo-ralph-lauren-polo-ralph-lauren-microdot-t-shirt-quick-dry-in-white/prod/pgeproduct.aspx?iid=7611244&clr=white"},{"id":7732233,"name":"Nike Training Compression Long Sleeve Top In Grey 703088-091","price":{"current":{"value":30.00,"text":"£30.00"},"previous":{"value":null,"text":""},"rrp":{"value":null,"text":""},"isMarkedDown":false,"isOutletPrice":false},"images":[{"url":"https://images.asos-media.com/products/nike-training-compression-long-sleeve-top-in-grey-703088-091/7732233-1-grey?$XL$","size":"xl"},{"url":"https://images.asos-media.com/products/nike-training-compression-long-sleeve-top-in-grey-703088-091/7732233-1-grey?$L$","size":"l"}],"brandName":"Nike Training","colour":"Grey","hasVariantColours":false,"groupId":null,"productCode":1018250,"hasVariantPrices":false,"productType":"Product","variantItemCount":null,"url":"nike-training-nike-training-compression-long-sleeve-top-in-grey-703088-091/prod/pgeproduct.aspx?iid=7732233&clr=grey"},{"id":7433042,"name":"Nike Running Miler Breathe Vest In Blue 834238-411","price":{"current":{"value":25.00,"text":"£25.00"},"previous":{"value":null,"text":""},"rrp":{"value":null,"text":""},"isMarkedDown":false,"isOutletPrice":false},"images":[{"url":"https://images.asos-media.com/products/nike-running-miler-breathe-vest-in-blue-834238-411/7433042-1-blue?$XL$","size":"xl"},{"url":"https://images.asos-media.com/products/nike-running-miler-breathe-vest-in-blue-834238-411/7433042-1-blue?$L$","size":"l"}],"brandName":"Nike Running","colour":"Blue","hasVariantColours":false,"groupId":null,"productCode":968883,"hasVariantPrices":false,"productType":"Product","variantItemCount":null,"url":"nike-running-nike-running-miler-breathe-vest-in-blue-834238-411/prod/pgeproduct.aspx?iid=7433042&clr=blue"},{"id":7433048,"name":"Nike Running City Dri-Fit Vest In Black 834246-010","price":{"current":{"value":25.00,"text":"£25.00"},"previous":{"value":null,"text":""},"rrp":{"value":null,"text":""},"isMarkedDown":false,"isOutletPrice":false},"images":[{"url":"https://images.asos-media.com/products/nike-running-city-dri-fit-vest-in-black-834246-010/7433048-1-black?$XL$","size":"xl"},{"url":"https://images.asos-media.com/products/nike-running-city-dri-fit-vest-in-black-834246-010/7433048-1-black?$L$","size":"l"}],"brandName":"Nike Running","colour":"Black","hasVariantColours":false,"groupId":null,"productCode":968889,"hasVariantPrices":false,"productType":"Product","variantItemCount":null,"url":"nike-running-nike-running-city-dri-fit-vest-in-black-834246-010/prod/pgeproduct.aspx?iid=7433048&clr=black"},{"id":7432939,"name":"Nike Running Miler Dri-Fit Vest In Blue 833589-457","price":{"current":{"value":20.00,"text":"£20.00"},"previous":{"value":null,"text":""},"rrp":{"value":null,"text":""},"isMarkedDown":false,"isOutletPrice":false},"images":[{"url":"https://images.asos-media.com/products/nike-running-miler-dri-fit-vest-in-blue-833589-457/7432939-1-blue?$XL$","size":"xl"},{"url":"https://images.asos-media.com/products/nike-running-miler-dri-fit-vest-in-blue-833589-457/7432939-1-blue?$L$","size":"l"}],"brandName":"Nike Running","colour":"Blue","hasVariantColours":false,"groupId":null,"productCode":968854,"hasVariantPrices":false,"productType":"Product","variantItemCount":null,"url":"nike-running-nike-running-miler-dri-fit-vest-in-blue-833589-457/prod/pgeproduct.aspx?iid=7432939&clr=blue"},{"id":7433041,"name":"Nike Running Flex 9 Distance Shorts In Black 834227-010","price":{"current":{"value":33.00,"text":"£33.00"},"previous":{"value":null,"text":""},"rrp":{"value":null,"text":""},"isMarkedDown":false,"isOutletPrice":false},"images":[{"url":"https://images.asos-media.com/products/nike-running-flex-9-distance-shorts-in-black-834227-010/7433041-1-black?$XL$","size":"xl"},{"url":"https://images.asos-media.com/products/nike-running-flex-9-distance-shorts-in-black-834227-010/7433041-1-black?$L$","size":"l"}],"brandName":"Nike Running","colour":"Black","hasVariantColours":false,"groupId":null,"productCode":968909,"hasVariantPrices":false,"productType":"Product","variantItemCount":null,"url":"nike-running-nike-running-flex-9-distance-shorts-in-black-834227-010/prod/pgeproduct.aspx?iid=7433041&clr=black"},{"id":8031638,"name":"Bershka SPORT Long Sleeve Top In Navy","price":{"current":{"value":19.99,"text":"£19.99"},"previous":{"value":null,"text":""},"rrp":{"value":null,"text":""},"isMarkedDown":false,"isOutletPrice":false},"images":[{"url":"https://images.asos-media.com/products/bershka-sport-long-sleeve-top-in-navy/8031638-1-navy?$XL$","size":"xl"},{"url":"https://images.asos-media.com/products/bershka-sport-long-sleeve-top-in-navy/8031638-1-navy?$L$","size":"l"}],"brandName":"Bershka","colour":"Navy","hasVariantColours":false,"groupId":null,"productCode":1061212,"hasVariantPrices":false,"productType":"Product","variantItemCount":null,"url":"bershka-bershka-sport-long-sleeve-top-in-navy/prod/pgeproduct.aspx?iid=8031638&clr=navy"},{"id":7433053,"name":"Nike Running Challenger Dri-Fit 7 Shorts In Grey 848714-010","price":{"current":{"value":30.00,"text":"£30.00"},"previous":{"value":null,"text":""},"rrp":{"value":null,"text":""},"isMarkedDown":false,"isOutletPrice":false},"images":[{"url":"https://images.asos-media.com/products/nike-running-challenger-dri-fit-7-shorts-in-grey-848714-010/7433053-1-grey?$XL$","size":"xl"},{"url":"https://images.asos-media.com/products/nike-running-challenger-dri-fit-7-shorts-in-grey-848714-010/7433053-1-grey?$L$","size":"l"}],"brandName":"Nike Running","colour":"Grey","hasVariantColours":false,"groupId":null,"productCode":968908,"hasVariantPrices":false,"productType":"Product","variantItemCount":null,"url":"nike-running-nike-running-challenger-dri-fit-7-shorts-in-grey-848714-010/prod/pgeproduct.aspx?iid=7433053&clr=grey"},{"id":6797556,"name":"adidas ZNE Joggers in Black S94810","price":{"current":{"value":50.00,"text":"£50.00"},"previous":{"value":null,"text":""},"rrp":{"value":null,"text":""},"isMarkedDown":false,"isOutletPrice":false},"images":[{"url":"https://images.asos-media.com/products/adidas-zne-joggers-in-black-s94810/6797556-1-black?$XL$","size":"xl"},{"url":"https://images.asos-media.com/products/adidas-zne-joggers-in-black-s94810/6797556-1-black?$L$","size":"l"}],"brandName":"Adidas","colour":"Black","hasVariantColours":false,"groupId":null,"productCode":871702,"hasVariantPrices":false,"productType":"Product","variantItemCount":null,"url":"adidas-adidas-zne-joggers-in-black-s94810/prod/pgeproduct.aspx?iid=6797556&clr=black"},{"id":7737074,"name":"River Island ACTIVE Seamless T-Shirt With Neon Print In Grey","price":{"current":{"value":22.00,"text":"£22.00"},"previous":{"value":null,"text":""},"rrp":{"value":null,"text":""},"isMarkedDown":false,"isOutletPrice":false},"images":[{"url":"https://images.asos-media.com/products/river-island-active-seamless-t-shirt-with-neon-print-in-grey/7737074-1-grey?$XL$","size":"xl"},{"url":"https://images.asos-media.com/products/river-island-active-seamless-t-shirt-with-neon-print-in-grey/7737074-1-grey?$L$","size":"l"}],"brandName":"River Island","colour":"Grey","hasVariantColours":false,"groupId":null,"productCode":1018818,"hasVariantPrices":false,"productType":"Product","variantItemCount":null,"url":"river-island-river-island-active-seamless-t-shirt-with-neon-print-in-grey/prod/pgeproduct.aspx?iid=7737074&clr=grey"},{"id":7866741,"name":"New Look SPORT Stretch Vest In Black","price":{"current":{"value":7.99,"text":"£7.99"},"previous":{"value":null,"text":""},"rrp":{"value":null,"text":""},"isMarkedDown":false,"isOutletPrice":false},"images":[{"url":"https://images.asos-media.com/products/new-look-sport-stretch-vest-in-black/7866741-1-black?$XL$","size":"xl"},{"url":"https://images.asos-media.com/products/new-look-sport-stretch-vest-in-black/7866741-1-black?$L$","size":"l"}],"brandName":"New Look","colour":"Black","hasVariantColours":false,"groupId":null,"productCode":1037895,"hasVariantPrices":false,"productType":"Product","variantItemCount":null,"url":"new-look-new-look-sport-stretch-vest-in-black/prod/pgeproduct.aspx?iid=7866741&clr=black"},{"id":7611216,"name":"Polo Ralph Lauren Logo T-Shirt Quick Dry in White","price":{"current":{"value":45.00,"text":"£45.00"},"previous":{"value":null,"text":""},"rrp":{"value":null,"text":""},"isMarkedDown":false,"isOutletPrice":false},"images":[{"url":"https://images.asos-media.com/products/polo-ralph-lauren-logo-t-shirt-quick-dry-in-white/7611216-1-white?$XL$","size":"xl"},{"url":"https://images.asos-media.com/products/polo-ralph-lauren-logo-t-shirt-quick-dry-in-white/7611216-1-white?$L$","size":"l"}],"brandName":"Polo Ralph Lauren","colour":"White","hasVariantColours":false,"groupId":null,"productCode":999836,"hasVariantPrices":false,"productType":"Product","variantItemCount":null,"url":"polo-ralph-lauren-polo-ralph-lauren-logo-t-shirt-quick-dry-in-white/prod/pgeproduct.aspx?iid=7611216&clr=white"},{"id":8014778,"name":"Nike Running Dri-FIT Miler Long Sleeve T-Shirt In Blue 833593-452","price":{"current":{"value":25.00,"text":"£25.00"},"previous":{"value":null,"text":""},"rrp":{"value":null,"text":""},"isMarkedDown":false,"isOutletPrice":false},"images":[{"url":"https://images.asos-media.com/products/nike-running-dri-fit-miler-long-sleeve-t-shirt-in-blue-833593-452/8014778-1-blue?$XL$","size":"xl"},{"url":"https://images.asos-media.com/products/nike-running-dri-fit-miler-long-sleeve-t-shirt-in-blue-833593-452/8014778-1-blue?$L$","size":"l"}],"brandName":"Nike Running","colour":"Blue","hasVariantColours":false,"groupId":null,"productCode":1058837,"hasVariantPrices":false,"productType":"Product","variantItemCount":null,"url":"nike-running-nike-running-dri-fit-miler-long-sleeve-t-shirt-in-blue-833593-452/prod/pgeproduct.aspx?iid=8014778&clr=blue"}],"facets":[{"id":"attribute_1038","name":"ACTIVITY","facetValues":[{"count":292,"id":"7775","name":"Gym","isSelected":false},{"count":202,"id":"7771","name":"Running","isSelected":false},{"count":3,"id":"7773","name":"Swim","isSelected":false}],"displayStyle":"Single-Column","facetType":"TextMultiSelect","hasSelectedValues":false},{"id":"attribute_900","name":"PRODUCT TYPE","facetValues":[{"count":5,"id":"1423","name":"Accessories","isSelected":false},{"count":2,"id":"1427","name":"Bags","isSelected":false},{"count":2,"id":"1459","name":"Coats","isSelected":false},{"count":3,"id":"1482","name":"Gloves","isSelected":false},{"count":14,"id":"6569","name":"Grooming","isSelected":false},{"count":1,"id":"1491","name":"Hats","isSelected":false},{"count":28,"id":"2030","name":"Hoodies","isSelected":false},{"count":23,"id":"1494","name":"Jackets","isSelected":false},{"count":57,"id":"2213","name":"Joggers","isSelected":false},{"count":4,"id":"6424","name":"Lifestyle","isSelected":false},{"count":38,"id":"1513","name":"Long Sleeve T-Shirts","isSelected":false},{"count":1,"id":"2212","name":"Polo Shirts","isSelected":false},{"count":75,"id":"1568","name":"Shorts","isSelected":false},{"count":5,"id":"1578","name":"Socks","isSelected":false},{"count":19,"id":"3961","name":"Sweatshirts","isSelected":false},{"count":3,"id":"4238","name":"Swimwear","isSelected":false},{"count":12,"id":"6426","name":"Tech","isSelected":false},{"count":45,"id":"1608","name":"Trainers","isSelected":false},{"count":118,"id":"1600","name":"T-shirts","isSelected":false},{"count":2,"id":"1616","name":"Underwear","isSelected":false},{"count":30,"id":"1621","name":"Vests","isSelected":false},{"count":10,"id":"1624","name":"Watches","isSelected":false}],"displayStyle":"Single-Column","facetType":"TextMultiSelect","hasSelectedValues":false},{"id":"brand","name":"Brand","facetValues":[{"count":6,"id":"15201","name":"AB Crew","isSelected":false},{"count":30,"id":"17","name":"Adidas","isSelected":false},{"count":7,"id":"15370","name":"Bershka","isSelected":false},{"count":6,"id":"81","name":"Bjorn Borg","isSelected":false},{"count":1,"id":"14337","name":"Blend","isSelected":false},{"count":8,"id":"15155","name":"Burton Menswear","isSelected":false},{"count":2,"id":"105","name":"Calvin Klein","isSelected":false},{"count":8,"id":"14116","name":"Ellesse","isSelected":false},{"count":8,"id":"15200","name":"FIT Skincare","isSelected":false},{"count":2,"id":"15088","name":"Fresh N Rebel","isSelected":false},{"count":3,"id":"14095","name":"Gifts","isSelected":false},{"count":5,"id":"15336","name":"Hama","isSelected":false},{"count":33,"id":"12461","name":"Jack & Jones","isSelected":false},{"count":2,"id":"13073","name":"Lyle & Scott","isSelected":false},{"count":10,"id":"15282","name":"Lyle & Scott Fitness","isSelected":false},{"count":8,"id":"15195","name":"Misfit","isSelected":false},{"count":13,"id":"15362","name":"Muscle Monkey","isSelected":false},{"count":11,"id":"13817","name":"New Look","isSelected":false},{"count":103,"id":"15176","name":"Nike Running","isSelected":false},{"count":65,"id":"15177","name":"Nike Training","isSelected":false},{"count":2,"id":"504","name":"Nixon","isSelected":false},{"count":16,"id":"3594","name":"Polo Ralph Lauren","isSelected":false},{"count":27,"id":"589","name":"Puma","isSelected":false},{"count":15,"id":"2988","name":"Reebok","isSelected":false},{"count":6,"id":"12983","name":"River Island","isSelected":false},{"count":13,"id":"13540","name":"Saucony","isSelected":false},{"count":8,"id":"14164","name":"SikSilk","isSelected":false},{"count":4,"id":"12512","name":"Skechers","isSelected":false},{"count":73,"id":"15203","name":"Under Armour","isSelected":false},{"count":2,"id":"12674","name":"Urbanears","isSelected":false}],"displayStyle":"Single-Column","facetType":"TextMultiSelect","hasSelectedValues":false},{"id":"size","name":"Size","facetValues":[{"count":5,"id":"2333","name":"UK 5.5","isSelected":false},{"count":33,"id":"2332","name":"UK 6","isSelected":false},{"count":24,"id":"2329","name":"UK 6.5","isSelected":false},{"count":34,"id":"2325","name":"UK 7","isSelected":false},{"count":24,"id":"2334","name":"UK 7.5","isSelected":false},{"count":32,"id":"2337","name":"UK 8","isSelected":false},{"count":25,"id":"2328","name":"UK 8.5","isSelected":false},{"count":34,"id":"2331","name":"UK 9","isSelected":false},{"count":26,"id":"1855","name":"UK 9.5","isSelected":false},{"count":38,"id":"2323","name":"UK 10","isSelected":false},{"count":17,"id":"2034","name":"UK 10.5","isSelected":false},{"count":34,"id":"2324","name":"UK 11","isSelected":false},{"count":2,"id":"1875","name":"UK 11.5","isSelected":false},{"count":27,"id":"2326","name":"UK 12","isSelected":false},{"count":1,"id":"1945","name":"UK 12.5","isSelected":false},{"count":4,"id":"2310","name":"UK 13","isSelected":false},{"count":1,"id":"2082","name":"XXS","isSelected":false},{"count":67,"id":"1997","name":"XS","isSelected":false},{"count":299,"id":"1873","name":"S","isSelected":false},{"count":308,"id":"1848","name":"M","isSelected":false},{"count":343,"id":"1943","name":"L","isSelected":false},{"count":336,"id":"1881","name":"XL","isSelected":false},{"count":226,"id":"2016","name":"2XL","isSelected":false},{"count":3,"id":"1950","name":"3XL","isSelected":false},{"count":49,"id":"1917","name":"One Size","isSelected":false}],"displayStyle":"Single-Column","facetType":"TextMultiSelect","hasSelectedValues":false},{"id":"base_colour","name":"Colour","facetValues":[{"count":3,"id":"25","name":"Beige","isSelected":false},{"count":217,"id":"4","name":"Black","isSelected":false},{"count":40,"id":"3","name":"Blue","isSelected":false},{"count":26,"id":"2","name":"Green","isSelected":false},{"count":112,"id":"16","name":"Grey","isSelected":false},{"count":16,"id":"17","name":"Multi","isSelected":false},{"count":15,"id":"33","name":"Navy","isSelected":false},{"count":4,"id":"7","name":"Orange","isSelected":false},{"count":10,"id":"1","name":"Red","isSelected":false},{"count":1,"id":"12","name":"Silver","isSelected":false},{"count":42,"id":"5","name":"White","isSelected":false},{"count":11,"id":"6","name":"Yellow","isSelected":false}],"displayStyle":"Two-Column","facetType":"TextMultiSelect","hasSelectedValues":false},{"id":"currentprice","name":"Price Range","facetValues":[{"count":1,"id":"5.0","name":"5.0","isSelected":false},{"count":2,"id":"7.99","name":"7.99","isSelected":false},{"count":8,"id":"8.0","name":"8.0","isSelected":false},{"count":3,"id":"9.99","name":"9.99","isSelected":false},{"count":2,"id":"10.0","name":"10.0","isSelected":false},{"count":3,"id":"12.0","name":"12.0","isSelected":false},{"count":5,"id":"13.0","name":"13.0","isSelected":false},{"count":4,"id":"14.99","name":"14.99","isSelected":false},{"count":9,"id":"15.0","name":"15.0","isSelected":false},{"count":2,"id":"16.0","name":"16.0","isSelected":false},{"count":1,"id":"17.0","name":"17.0","isSelected":false},{"count":1,"id":"17.5","name":"17.5","isSelected":false},{"count":13,"id":"18.0","name":"18.0","isSelected":false},{"count":5,"id":"19.99","name":"19.99","isSelected":false},{"count":25,"id":"20.0","name":"20.0","isSelected":false},{"count":2,"id":"21.99","name":"21.99","isSelected":false},{"count":5,"id":"22.0","name":"22.0","isSelected":false},{"count":13,"id":"23.0","name":"23.0","isSelected":false},{"count":1,"id":"23.99","name":"23.99","isSelected":false},{"count":5,"id":"24.0","name":"24.0","isSelected":false},{"count":2,"id":"24.99","name":"24.99","isSelected":false},{"count":61,"id":"25.0","name":"25.0","isSelected":false},{"count":1,"id":"26.95","name":"26.95","isSelected":false},{"count":3,"id":"27.0","name":"27.0","isSelected":false},{"count":13,"id":"28.0","name":"28.0","isSelected":false},{"count":73,"id":"30.0","name":"30.0","isSelected":false},{"count":2,"id":"32.0","name":"32.0","isSelected":false},{"count":9,"id":"33.0","name":"33.0","isSelected":false},{"count":28,"id":"35.0","name":"35.0","isSelected":false},{"count":5,"id":"38.0","name":"38.0","isSelected":false},{"count":30,"id":"40.0","name":"40.0","isSelected":false},{"count":23,"id":"45.0","name":"45.0","isSelected":false},{"count":3,"id":"48.0","name":"48.0","isSelected":false},{"count":1,"id":"49.0","name":"49.0","isSelected":false},{"count":30,"id":"50.0","name":"50.0","isSelected":false},{"count":3,"id":"54.0","name":"54.0","isSelected":false},{"count":13,"id":"55.0","name":"55.0","isSelected":false},{"count":3,"id":"59.0","name":"59.0","isSelected":false},{"count":13,"id":"60.0","name":"60.0","isSelected":false},{"count":1,"id":"62.0","name":"62.0","isSelected":false},{"count":1,"id":"63.0","name":"63.0","isSelected":false},{"count":8,"id":"65.0","name":"65.0","isSelected":false},{"count":5,"id":"70.0","name":"70.0","isSelected":false},{"count":5,"id":"75.0","name":"75.0","isSelected":false},{"count":6,"id":"80.0","name":"80.0","isSelected":false},{"count":2,"id":"85.0","name":"85.0","isSelected":false},{"count":11,"id":"90.0","name":"90.0","isSelected":false},{"count":2,"id":"92.0","name":"92.0","isSelected":false},{"count":3,"id":"95.0","name":"95.0","isSelected":false},{"count":5,"id":"100.0","name":"100.0","isSelected":false},{"count":4,"id":"105.0","name":"105.0","isSelected":false},{"count":2,"id":"110.0","name":"110.0","isSelected":false},{"count":1,"id":"115.0","name":"115.0","isSelected":false},{"count":1,"id":"119.0","name":"119.0","isSelected":false},{"count":5,"id":"120.0","name":"120.0","isSelected":false},{"count":2,"id":"130.0","name":"130.0","isSelected":false},{"count":2,"id":"140.0","name":"140.0","isSelected":false},{"count":1,"id":"150.0","name":"150.0","isSelected":false},{"count":1,"id":"165.0","name":"165.0","isSelected":false},{"count":1,"id":"185.0","name":"185.0","isSelected":false},{"count":2,"id":"339.0","name":"339.0","isSelected":false}],"displayStyle":"Price-Slider","facetType":"Range","hasSelectedValues":false}],"diagnostics":{"requestId":"111586","processingTime":13,"queryTime":0},"searchPasses":[],"alternateSearchTerms":[],"searchPassMeta":{"isPartial":false,"isSpellcheck":false,"searchPass":[],"alternateSearchTerms":[]}}